id,teamid,playername,currentteam,position,goals,GPG,assists,APG,shots,SPG,games,points,PPG,timeonicepergame,GPGDIF,APGDIF,SPGDIF,PPGDIF
8474090,1,Brendan Smith,New Jersey Devils,Defenseman,0,0.0,1,0.04,25,0.93,27,1,0.04,13.5,-0.07,-0.22,-0.5,-0.3
8475193,1,Tomas Tatar,New Jersey Devils,Left Wing,7,0.26,9,0.33,54,2.0,27,16,0.59,14.58,0.03,0.02,0.05,0.05
8475287,1,Erik Haula,New Jersey Devils,Left Wing,1,0.04,11,0.41,58,2.15,27,12,0.44,16.35,-0.19,0.1,0.2,-0.1
8476462,1,Dougie Hamilton,New Jersey Devils,Defenseman,7,0.26,14,0.52,97,3.59,27,21,0.78,21.44,0.19,0.26,2.16,0.44
8476923,1,Damon Severson,New Jersey Devils,Defenseman,2,0.07,4,0.15,31,1.15,27,6,0.22,17.45,-0.0,-0.11,-0.28,-0.12
8477425,1,Miles Wood,New Jersey Devils,Left Wing,6,0.23,7,0.27,71,2.73,26,13,0.5,13.13,0.0,-0.04,0.78,-0.04
8477435,1,Ryan Graves,New Jersey Devils,Defenseman,3,0.11,6,0.22,40,1.48,27,9,0.33,19.07,0.04,-0.04,0.05,-0.01
8478399,1,Jonas Siegenthaler,New Jersey Devils,Defenseman,1,0.04,9,0.33,33,1.22,27,10,0.37,20.41,-0.03,0.07,-0.21,0.03
8478507,1,John Marino,New Jersey Devils,Defenseman,2,0.07,6,0.22,35,1.3,27,8,0.3,21.41,-0.0,-0.04,-0.13,-0.04
8479407,1,Jesper Bratt,New Jersey Devils,Left Wing,10,0.37,20,0.74,62,2.3,27,30,1.11,17.1,0.14,0.43,0.35,0.57
8479414,1,Nathan Bastian,New Jersey Devils,Right Wing,3,0.14,5,0.24,26,1.24,21,8,0.38,13.43,-0.09,-0.07,-0.71,-0.16
8479415,1,Michael McLeod,New Jersey Devils,Center,3,0.11,9,0.33,31,1.15,27,12,0.44,11.43,-0.11,0.02,-0.67,-0.08
8480002,1,Nico Hischier,New Jersey Devils,Center,12,0.46,16,0.62,83,3.19,26,28,1.08,19.47,0.24,0.31,1.37,0.56
8480003,1,Jesper Boqvist,New Jersey Devils,Center,3,0.14,1,0.05,21,1.0,21,4,0.19,10.43,-0.08,-0.26,-0.82,-0.33
8480188,1,Fabian Zetterlund,New Jersey Devils,Left Wing,5,0.23,8,0.36,44,2.0,22,13,0.59,12.46,0.0,0.05,0.05,0.05
8481068,1,Yegor Sharangovich,New Jersey Devils,Center,8,0.3,6,0.22,49,1.81,27,14,0.52,14.52,0.08,-0.09,-0.01,-0.0
8481559,1,Jack Hughes,New Jersey Devils,Center,14,0.52,19,0.7,106,3.93,27,33,1.22,19.13,0.3,0.39,2.11,0.7
8482110,1,Dawson Mercer,New Jersey Devils,Center,7,0.26,9,0.33,53,1.96,27,16,0.59,15.08,0.04,0.02,0.14,0.07
8475151,2,Kyle Palmieri,New York Islanders,Center,6,0.3,3,0.15,37,1.85,20,9,0.45,16.2,0.08,-0.16,0.03,-0.07
8470610,2,Zach Parise,New York Islanders,Left Wing,9,0.31,5,0.17,71,2.45,29,14,0.48,16.18,0.08,-0.14,0.5,-0.06
8473504,2,Cal Clutterbuck,New York Islanders,Right Wing,3,0.12,2,0.08,21,0.88,24,5,0.21,12.06,-0.11,-0.23,-1.07,-0.33
8474573,2,Josh Bailey,New York Islanders,Right Wing,4,0.16,5,0.2,34,1.36,25,9,0.36,15.05,-0.07,-0.11,-0.59,-0.18
8474709,2,Matt Martin,New York Islanders,Left Wing,3,0.11,5,0.18,21,0.75,28,8,0.29,10.37,-0.12,-0.13,-1.2,-0.25
8475231,2,Casey Cizikas,New York Islanders,Center,1,0.03,5,0.17,32,1.1,29,6,0.21,13.11,-0.19,-0.14,-0.72,-0.31
8475314,2,Anders Lee,New York Islanders,Left Wing,9,0.31,12,0.41,81,2.79,29,21,0.72,16.56,0.08,0.1,0.84,0.18
8475754,2,Brock Nelson,New York Islanders,Center,14,0.48,14,0.48,93,3.21,29,28,0.97,18.38,0.26,0.17,1.39,0.45
8476419,2,Jean-Gabriel Pageau,New York Islanders,Center,7,0.24,9,0.31,49,1.69,29,16,0.55,18.04,0.02,0.0,-0.13,0.03
8476429,2,Scott Mayfield,New York Islanders,Defenseman,4,0.14,4,0.14,38,1.31,29,8,0.28,20.0,0.07,-0.12,-0.12,-0.06
8476917,2,Adam Pelech,New York Islanders,Defenseman,3,0.11,8,0.3,35,1.3,27,11,0.41,20.49,0.04,0.04,-0.13,0.07
8477506,2,Ryan Pulock,New York Islanders,Defenseman,1,0.03,11,0.38,37,1.28,29,12,0.41,20.11,-0.04,0.12,-0.15,0.07
8478445,2,Mathew Barzal,New York Islanders,Center,3,0.1,27,0.93,70,2.41,29,30,1.03,18.43,-0.12,0.62,0.59,0.51
8478463,2,Anthony Beauvillier,New York Islanders,Left Wing,5,0.19,6,0.22,58,2.15,27,11,0.41,14.56,-0.04,-0.09,0.2,-0.13
8480222,2,Sebastian Aho,New York Islanders,Defenseman,2,0.08,3,0.12,30,1.2,25,5,0.2,14.24,0.01,-0.14,-0.23,-0.14
8480789,2,Oliver Wahlstrom,New York Islanders,Right Wing,7,0.25,7,0.25,63,2.25,28,14,0.5,12.3,0.02,-0.06,0.3,-0.04
8480865,2,Noah Dobson,New York Islanders,Defenseman,8,0.28,10,0.34,87,3.0,29,18,0.62,20.23,0.21,0.08,1.57,0.28
8481014,2,Alexander Romanov,New York Islanders,Defenseman,0,0.0,8,0.28,39,1.34,29,8,0.28,19.56,-0.07,0.02,-0.09,-0.06
8475184,3,Chris Kreider,New York Rangers,Left Wing,13,0.45,10,0.34,91,3.14,29,23,0.79,19.29,0.22,0.03,1.19,0.25
8476389,3,Vincent Trocheck,New York Rangers,Center,9,0.31,9,0.31,98,3.38,29,18,0.62,20.19,0.09,0.0,1.56,0.1
8476459,3,Mika Zibanejad,New York Rangers,Center,15,0.52,17,0.59,120,4.14,29,32,1.1,20.58,0.3,0.28,2.32,0.58
8476624,3,Barclay Goodrow,New York Rangers,Center,6,0.21,7,0.24,39,1.34,29,13,0.45,14.5,-0.01,-0.07,-0.48,-0.07
8476885,3,Jacob Trouba,New York Rangers,Defenseman,0,0.0,8,0.28,84,2.9,29,8,0.28,21.11,-0.07,0.02,1.47,-0.06
8476918,3,Jimmy Vesey,New York Rangers,Left Wing,3,0.11,5,0.18,46,1.64,28,8,0.29,13.15,-0.12,-0.13,-0.31,-0.25
8478104,3,Sammy Blais,New York Rangers,Left Wing,0,0.0,5,0.19,21,0.81,26,5,0.19,9.59,-0.23,-0.12,-1.14,-0.35
8478550,3,Artemi Panarin,New York Rangers,Left Wing,6,0.21,28,0.97,71,2.45,29,34,1.17,20.26,-0.02,0.66,0.5,0.63
8479323,3,Adam Fox,New York Rangers,Defenseman,7,0.24,23,0.79,61,2.1,29,30,1.03,25.11,0.17,0.53,0.67,0.69
8479324,3,Ryan Lindgren,New York Rangers,Defenseman,0,0.0,8,0.3,38,1.41,27,8,0.3,18.15,-0.07,0.04,-0.02,-0.04
8479328,3,Julien Gauthier,New York Rangers,Right Wing,4,0.19,2,0.1,19,0.9,21,6,0.29,8.48,-0.04,-0.21,-1.05,-0.25
8479333,3,Libor Hajek,New York Rangers,Defenseman,1,0.07,0,0.0,12,0.8,15,1,0.07,13.19,-0.0,-0.26,-0.63,-0.27
8480078,3,Filip Chytil,New York Rangers,Center,5,0.24,7,0.33,35,1.67,21,12,0.57,14.31,0.02,0.02,-0.15,0.05
8480817,3,K'Andre Miller,New York Rangers,Defenseman,1,0.03,9,0.31,45,1.55,29,10,0.34,22.05,-0.04,0.05,0.12,0.0
8480833,3,Vitali Kravtsov,New York Rangers,Right Wing,1,0.1,1,0.1,7,0.7,10,2,0.2,10.07,-0.13,-0.21,-1.25,-0.34
8481554,3,Kaapo Kakko,New York Rangers,Right Wing,5,0.17,4,0.14,51,1.76,29,9,0.31,15.36,-0.06,-0.17,-0.19,-0.23
8482073,3,Braden Schneider,New York Rangers,Defenseman,4,0.14,3,0.1,29,1.0,29,7,0.24,15.04,0.07,-0.16,-0.43,-0.1
8482109,3,Alexis Lafrenière,New York Rangers,Left Wing,5,0.17,8,0.28,59,2.03,29,13,0.45,15.19,-0.06,-0.03,0.08,-0.09
8479322,4,Wade Allison,Philadelphia Flyers,Right Wing,3,0.21,1,0.07,24,1.71,14,4,0.29,12.3,-0.02,-0.24,-0.24,-0.25
8479550,4,Tanner Laczynski,Philadelphia Flyers,Center,2,0.11,2,0.11,14,0.74,19,4,0.21,10.12,-0.11,-0.2,-1.08,-0.31
8474027,4,Justin Braun,Philadelphia Flyers,Defenseman,0,0.0,0,0.0,21,0.81,26,0,0.0,16.5,-0.07,-0.26,-0.62,-0.34
8475235,4,Nicolas Deslauriers,Philadelphia Flyers,Left Wing,1,0.04,4,0.14,20,0.71,28,5,0.18,10.36,-0.19,-0.17,-1.24,-0.36
8475763,4,Kevin Hayes,Philadelphia Flyers,Center,9,0.32,19,0.68,82,2.93,28,28,1.0,19.07,0.1,0.37,1.11,0.48
8476310,4,Lukas Sedlak,Philadelphia Flyers,Center,3,0.11,5,0.19,40,1.48,27,8,0.3,12.11,-0.11,-0.12,-0.34,-0.22
8476372,4,Nick Seeler,Philadelphia Flyers,Defenseman,2,0.07,3,0.11,26,0.93,28,5,0.18,14.15,-0.0,-0.15,-0.5,-0.16
8476872,4,Scott Laughton,Philadelphia Flyers,Center,4,0.17,6,0.25,59,2.46,24,10,0.42,18.49,-0.05,-0.06,0.64,-0.1
8477499,4,Rasmus Ristolainen,Philadelphia Flyers,Defenseman,0,0.0,0,0.0,18,0.86,21,0,0.0,18.12,-0.07,-0.26,-0.57,-0.34
8477887,4,Patrick Brown,Philadelphia Flyers,Center,1,0.1,1,0.1,15,1.5,10,2,0.2,12.14,-0.12,-0.21,-0.32,-0.32
8477948,4,Travis Sanheim,Philadelphia Flyers,Defenseman,3,0.11,8,0.29,37,1.32,28,11,0.39,20.47,0.04,0.03,-0.11,0.05
8477950,4,Tony DeAngelo,Philadelphia Flyers,Defenseman,4,0.15,10,0.38,58,2.23,26,14,0.54,24.19,0.08,0.12,0.8,0.2
8478439,4,Travis Konecny,Philadelphia Flyers,Right Wing,10,0.45,13,0.59,68,3.09,22,23,1.05,19.48,0.22,0.28,1.14,0.51
8478500,4,Ivan Provorov,Philadelphia Flyers,Defenseman,1,0.04,11,0.39,58,2.07,28,12,0.43,23.45,-0.03,0.13,0.64,0.09
8479772,4,Zack MacEwen,Philadelphia Flyers,Center,3,0.12,5,0.19,50,1.92,26,8,0.31,14.1,-0.1,-0.12,0.1,-0.21
8480015,4,Owen Tippett,Philadelphia Flyers,Right Wing,7,0.3,4,0.17,51,2.22,23,11,0.48,16.13,0.07,-0.14,0.27,-0.06
8480028,4,Morgan Frost,Philadelphia Flyers,Center,3,0.11,3,0.11,41,1.52,27,6,0.22,14.27,-0.11,-0.2,-0.3,-0.3
8480220,4,Noah Cates,Philadelphia Flyers,Left Wing,3,0.11,6,0.21,28,1.0,28,9,0.32,18.03,-0.12,-0.1,-0.95,-0.22
8480797,4,Joel Farabee,Philadelphia Flyers,Left Wing,5,0.18,10,0.36,54,1.93,28,15,0.54,17.32,-0.05,0.05,-0.02,0.0
8470604,5,Jeff Carter,Pittsburgh Penguins,Center,4,0.16,10,0.4,45,1.8,25,14,0.56,14.4,-0.06,0.09,-0.02,0.04
8471215,5,Evgeni Malkin,Pittsburgh Penguins,Center,8,0.29,20,0.71,90,3.21,28,28,1.0,18.0,0.07,0.4,1.39,0.48
8471675,5,Sidney Crosby,Pittsburgh Penguins,Center,17,0.61,21,0.75,83,2.96,28,38,1.36,19.56,0.39,0.44,1.14,0.84
8471724,5,Kris Letang,Pittsburgh Penguins,Defenseman,1,0.05,11,0.5,44,2.0,22,12,0.55,23.49,-0.02,0.24,0.57,0.21
8473507,5,Jeff Petry,Pittsburgh Penguins,Defenseman,3,0.11,9,0.32,44,1.57,28,12,0.43,22.2,0.04,0.06,0.14,0.09
8475208,5,Brian Dumoulin,Pittsburgh Penguins,Defenseman,0,0.0,7,0.25,20,0.71,28,7,0.25,19.53,-0.07,-0.01,-0.72,-0.09
8475722,5,Jason Zucker,Pittsburgh Penguins,Left Wing,6,0.23,12,0.46,66,2.54,26,18,0.69,15.21,0.0,0.15,0.59,0.15
8475810,5,Bryan Rust,Pittsburgh Penguins,Right Wing,7,0.25,10,0.36,76,2.71,28,17,0.61,17.25,0.02,0.05,0.76,0.07
8476326,5,Josh Archibald,Pittsburgh Penguins,Right Wing,4,0.15,2,0.07,37,1.37,27,6,0.22,10.24,-0.08,-0.24,-0.58,-0.32
8476483,5,Rickard Rakell,Pittsburgh Penguins,Right Wing,12,0.43,7,0.25,87,3.11,28,19,0.68,17.53,0.2,-0.06,1.16,0.14
8476927,5,Teddy Blueger,Pittsburgh Penguins,Center,1,0.08,4,0.31,15,1.15,13,5,0.38,12.58,-0.14,0.0,-0.67,-0.14
8476934,5,Brock McGinn,Pittsburgh Penguins,Left Wing,8,0.29,4,0.14,42,1.5,28,12,0.43,13.16,0.06,-0.17,-0.45,-0.11
8477244,5,Chad Ruhwedel,Pittsburgh Penguins,Defenseman,0,0.0,1,0.09,8,0.73,11,1,0.09,13.09,-0.07,-0.17,-0.7,-0.25
8477404,5,Jake Guentzel,Pittsburgh Penguins,Left Wing,13,0.54,16,0.67,75,3.12,24,29,1.21,19.32,0.31,0.36,1.17,0.67
8477953,5,Kasperi Kapanen,Pittsburgh Penguins,Right Wing,5,0.26,6,0.32,28,1.47,19,11,0.58,12.14,0.03,0.01,-0.48,0.04
8477969,5,Marcus Pettersson,Pittsburgh Penguins,Defenseman,0,0.0,10,0.36,39,1.39,28,10,0.36,20.17,-0.07,0.1,-0.04,0.02
8478046,5,Danton Heinen,Pittsburgh Penguins,Left Wing,3,0.12,7,0.29,34,1.42,24,10,0.42,12.46,-0.11,-0.02,-0.53,-0.12
8480058,5,Pierre-Olivier Joseph,Pittsburgh Penguins,Defenseman,0,0.0,7,0.29,33,1.38,24,7,0.29,14.59,-0.07,0.03,-0.05,-0.05
8480068,5,Ryan Poehling,Pittsburgh Penguins,Center,4,0.15,3,0.12,30,1.15,26,7,0.27,11.29,-0.07,-0.19,-0.67,-0.25
8480172,5,Jan Rutta,Pittsburgh Penguins,Defenseman,3,0.11,3,0.11,37,1.32,28,6,0.21,16.56,0.04,-0.15,-0.11,-0.13
8470638,6,Patrice Bergeron,Boston Bruins,Center,9,0.35,12,0.46,85,3.27,26,21,0.81,18.11,0.13,0.15,1.45,0.29
8471276,6,David Krejci,Boston Bruins,Center,8,0.35,13,0.57,36,1.57,23,21,0.91,17.0,0.13,0.26,-0.25,0.39
8473419,6,Brad Marchand,Boston Bruins,Left Wing,8,0.44,13,0.72,52,2.89,18,21,1.17,18.51,0.21,0.41,0.94,0.63
8473422,6,Nick Foligno,Boston Bruins,Left Wing,5,0.19,9,0.35,34,1.31,26,14,0.54,12.06,-0.04,0.04,-0.64,0.0
8475225,6,Craig Smith,Boston Bruins,Center,1,0.07,2,0.14,18,1.29,14,3,0.21,9.58,-0.15,-0.17,-0.53,-0.31
8475745,6,Charlie Coyle,Boston Bruins,Center,7,0.27,6,0.23,46,1.77,26,13,0.5,16.46,0.05,-0.08,-0.05,-0.02
8475762,6,Derek Forbort,Boston Bruins,Defenseman,1,0.07,3,0.2,12,0.8,15,4,0.27,18.22,-0.0,-0.06,-0.63,-0.07
8475791,6,Taylor Hall,Boston Bruins,Left Wing,11,0.42,9,0.35,72,2.77,26,20,0.77,16.1,0.19,0.04,0.82,0.23
8476854,6,Hampus Lindholm,Boston Bruins,Defenseman,4,0.15,16,0.62,54,2.08,26,20,0.77,24.14,0.08,0.36,0.65,0.43
8476891,6,Matt Grzelcyk,Boston Bruins,Defenseman,1,0.05,6,0.27,35,1.59,22,7,0.32,17.14,-0.02,0.01,0.16,-0.02
8477365,6,Connor Clifton,Boston Bruins,Defenseman,2,0.08,6,0.23,44,1.69,26,8,0.31,19.41,0.01,-0.03,0.26,-0.03
8477931,6,Tomas Nosek,Boston Bruins,Left Wing,2,0.08,4,0.15,24,0.92,26,6,0.23,12.42,-0.15,-0.16,-1.03,-0.31
8477956,6,David Pastrnak,Boston Bruins,Right Wing,19,0.73,18,0.69,134,5.15,26,37,1.42,19.59,0.5,0.38,3.2,0.88
8478401,6,Pavel Zacha,Boston Bruins,Center,3,0.12,13,0.5,46,1.77,26,16,0.62,15.47,-0.1,0.19,-0.05,0.1
8478415,6,Jakub Zboril,Boston Bruins,Defenseman,1,0.08,0,0.0,8,0.62,13,1,0.08,13.34,0.01,-0.26,-0.81,-0.26
8478421,6,A.J. Greer,Boston Bruins,Left Wing,3,0.16,4,0.21,20,1.05,19,7,0.37,9.28,-0.07,-0.1,-0.9,-0.17
8478443,6,Brandon Carlo,Boston Bruins,Defenseman,0,0.0,4,0.18,34,1.55,22,4,0.18,18.35,-0.07,-0.08,0.12,-0.16
8478498,6,Jake DeBrusk,Boston Bruins,Left Wing,8,0.32,11,0.44,78,3.12,25,19,0.76,17.13,0.09,0.13,1.17,0.22
8479325,6,Charlie McAvoy,Boston Bruins,Defenseman,2,0.15,12,0.92,30,2.31,13,14,1.08,23.09,0.08,0.66,0.88,0.74
8479365,6,Trent Frederic,Boston Bruins,Center,6,0.26,5,0.22,30,1.3,23,11,0.48,10.29,0.04,-0.09,-0.52,-0.04
8476994,7,Vinnie Hinostroza,Buffalo Sabres,Center,0,0.0,8,0.53,17,1.13,15,8,0.53,12.34,-0.22,0.22,-0.69,0.01
8480035,7,Henri Jokiharju,Buffalo Sabres,Defenseman,1,0.06,3,0.19,20,1.25,16,4,0.25,20.23,-0.01,-0.07,-0.18,-0.09
8480950,7,Ilya Lyubushkin,Buffalo Sabres,Defenseman,0,0.0,1,0.06,8,0.47,17,1,0.06,15.23,-0.07,-0.2,-0.96,-0.28
8473449,7,Kyle Okposo,Buffalo Sabres,Right Wing,2,0.09,9,0.41,42,1.91,22,11,0.5,15.04,-0.14,0.1,-0.04,-0.04
8475784,7,Jeff Skinner,Buffalo Sabres,Left Wing,13,0.48,19,0.7,84,3.11,27,32,1.19,16.59,0.25,0.39,1.16,0.65
8476878,7,Zemgus Girgensons,Buffalo Sabres,Left Wing,3,0.11,4,0.15,29,1.07,27,7,0.26,12.27,-0.12,-0.16,-0.88,-0.28
8477949,7,Alex Tuch,Buffalo Sabres,Right Wing,13,0.46,15,0.54,75,2.68,28,28,1.0,18.38,0.23,0.23,0.73,0.46
8478109,7,Victor Olofsson,Buffalo Sabres,Left Wing,12,0.43,3,0.11,64,2.29,28,15,0.54,14.16,0.2,-0.2,0.34,0.0
8479335,7,Rasmus Asplund,Buffalo Sabres,Center,2,0.11,4,0.21,24,1.26,19,6,0.32,12.04,-0.11,-0.1,-0.56,-0.2
8479370,7,Tyson Jost,Buffalo Sabres,Center,1,0.05,4,0.18,22,1.0,22,5,0.23,13.1,-0.17,-0.13,-0.82,-0.29
8479420,7,Tage Thompson,Buffalo Sabres,Center,21,0.75,20,0.71,130,4.64,28,41,1.46,18.43,0.53,0.4,2.82,0.94
8479578,7,Casey Fitzgerald,Buffalo Sabres,Defenseman,0,0.0,2,0.11,11,0.58,19,2,0.11,12.32,-0.07,-0.15,-0.85,-0.23
8479999,7,Casey Mittelstadt,Buffalo Sabres,Center,5,0.18,11,0.39,41,1.46,28,16,0.57,15.25,-0.04,0.08,-0.36,0.05
8480196,7,Jacob Bryson,Buffalo Sabres,Defenseman,1,0.04,7,0.29,13,0.54,24,8,0.33,16.51,-0.03,0.03,-0.89,-0.01
8480807,7,Mattias Samuelsson,Buffalo Sabres,Defenseman,1,0.07,1,0.07,26,1.73,15,2,0.13,21.12,-0.0,-0.19,0.3,-0.21
8480839,7,Rasmus Dahlin,Buffalo Sabres,Defenseman,9,0.33,23,0.85,87,3.22,27,32,1.19,25.53,0.26,0.59,1.79,0.85
8480935,7,Lawrence Pilut,Buffalo Sabres,Defenseman,0,0.0,1,0.07,12,0.86,14,1,0.07,12.37,-0.07,-0.19,-0.57,-0.27
8481522,7,Peyton Krebs,Buffalo Sabres,Center,2,0.09,3,0.14,16,0.73,22,5,0.23,11.55,-0.13,-0.17,-1.09,-0.29
8481528,7,Dylan Cozens,Buffalo Sabres,Center,10,0.36,17,0.61,76,2.71,28,27,0.96,17.04,0.14,0.3,0.89,0.44
8482097,7,Jack Quinn,Buffalo Sabres,Right Wing,6,0.26,10,0.43,37,1.61,23,16,0.7,14.02,0.03,0.12,-0.34,0.16
8482175,7,JJ Peterka,Buffalo Sabres,Right Wing,6,0.21,8,0.29,45,1.61,28,14,0.5,14.31,-0.02,-0.02,-0.34,-0.04
8482671,7,Owen Power,Buffalo Sabres,Defenseman,0,0.0,10,0.36,39,1.39,28,10,0.36,23.43,-0.07,0.1,-0.04,0.02
8475848,8,Brendan Gallagher,Montréal Canadiens,Right Wing,3,0.14,5,0.23,51,2.32,22,8,0.36,14.21,-0.09,-0.08,0.37,-0.18
8477494,8,Jonathan Drouin,Montréal Canadiens,Left Wing,0,0.0,4,0.33,11,0.92,12,4,0.33,13.26,-0.23,0.02,-1.03,-0.21
8474149,8,Evgenii Dadonov,Montréal Canadiens,Right Wing,2,0.09,3,0.13,29,1.26,23,5,0.22,13.58,-0.14,-0.18,-0.69,-0.32
8474884,8,Mike Hoffman,Montréal Canadiens,Left Wing,6,0.35,3,0.18,37,2.18,17,9,0.53,14.08,0.12,-0.13,0.23,-0.01
8475227,8,Chris Wideman,Montréal Canadiens,Defenseman,0,0.0,4,0.27,18,1.2,15,4,0.27,14.5,-0.07,0.01,-0.23,-0.07
8475233,8,David Savard,Montréal Canadiens,Defenseman,1,0.04,7,0.29,24,1.0,24,8,0.33,22.17,-0.03,0.03,-0.43,-0.01
8476441,8,Joel Edmundson,Montréal Canadiens,Defenseman,1,0.06,2,0.12,24,1.41,17,3,0.18,19.32,-0.01,-0.14,-0.02,-0.16
8476469,8,Joel Armia,Montréal Canadiens,Right Wing,0,0.0,2,0.12,31,1.94,16,2,0.12,15.13,-0.23,-0.19,-0.01,-0.42
8476981,8,Josh Anderson,Montréal Canadiens,Right Wing,7,0.28,2,0.08,55,2.2,25,9,0.36,15.13,0.05,-0.23,0.25,-0.18
8477497,8,Sean Monahan,Montréal Canadiens,Center,6,0.24,11,0.44,55,2.2,25,17,0.68,17.22,0.02,0.13,0.38,0.16
8477989,8,Christian Dvorak,Montréal Canadiens,Center,5,0.19,7,0.26,37,1.37,27,12,0.44,16.31,-0.03,-0.05,-0.45,-0.08
8478133,8,Jake Evans,Montréal Canadiens,Center,0,0.0,4,0.15,24,0.89,27,4,0.15,13.57,-0.22,-0.16,-0.93,-0.37
8479514,8,Rem Pitlick,Montréal Canadiens,Center,1,0.09,0,0.0,5,0.45,11,1,0.09,10.5,-0.13,-0.31,-1.37,-0.43
8479543,8,Michael Pezzetta,Montréal Canadiens,Left Wing,1,0.07,0,0.0,16,1.14,14,1,0.07,8.0,-0.16,-0.31,-0.81,-0.47
8480018,8,Nick Suzuki,Montréal Canadiens,Center,14,0.52,15,0.56,53,1.96,27,29,1.07,20.54,0.3,0.25,0.14,0.55
8480192,8,Johnathan Kovacevic,Montréal Canadiens,Defenseman,1,0.04,3,0.12,34,1.42,24,4,0.17,17.02,-0.03,-0.14,-0.01,-0.17
8480887,8,Jordan Harris,Montréal Canadiens,Defenseman,1,0.04,7,0.3,29,1.26,23,8,0.35,18.18,-0.03,0.04,-0.17,0.01
8481523,8,Kirby Dach,Montréal Canadiens,Center,4,0.15,15,0.56,44,1.63,27,19,0.7,17.23,-0.07,0.25,-0.19,0.18
8481540,8,Cole Caufield,Montréal Canadiens,Right Wing,16,0.59,9,0.33,96,3.56,27,25,0.93,18.08,0.36,0.02,1.61,0.39
8482087,8,Kaiden Guhle,Montréal Canadiens,Defenseman,1,0.04,10,0.37,24,0.89,27,11,0.41,20.32,-0.03,0.11,-0.54,0.07
8482964,8,Arber Xhekaj,Montréal Canadiens,Defenseman,4,0.16,4,0.16,37,1.48,25,8,0.32,15.1,0.09,-0.1,0.05,-0.02
8483515,8,Juraj Slafkovsky,Montréal Canadiens,Left Wing,4,0.18,4,0.18,27,1.23,22,8,0.36,11.28,-0.05,-0.13,-0.72,-0.18
8478472,9,Mathieu Joseph,Ottawa Senators,Right Wing,2,0.08,7,0.28,28,1.12,25,9,0.36,14.2,-0.15,-0.03,-0.83,-0.18
8482245,9,Artem Zub,Ottawa Senators,Defenseman,2,0.14,2,0.14,15,1.07,14,4,0.29,22.01,0.07,-0.12,-0.36,-0.05
8473512,9,Claude Giroux,Ottawa Senators,Right Wing,12,0.44,12,0.44,66,2.44,27,24,0.89,18.01,0.21,0.13,0.49,0.35
8473544,9,Derick Brassard,Ottawa Senators,Center,4,0.21,4,0.21,37,1.95,19,8,0.42,13.48,-0.01,-0.1,0.13,-0.1
8474207,9,Nick Holden,Ottawa Senators,Defenseman,1,0.05,3,0.14,25,1.14,22,4,0.18,16.16,-0.02,-0.12,-0.29,-0.16
8474612,9,Travis Hamonic,Ottawa Senators,Defenseman,3,0.11,2,0.07,48,1.78,27,5,0.19,18.17,0.04,-0.19,0.35,-0.15
8475766,9,Austin Watson,Ottawa Senators,Left Wing,1,0.04,2,0.07,23,0.85,27,3,0.11,9.46,-0.19,-0.24,-1.1,-0.43
8477353,9,Tyler Motte,Ottawa Senators,Left Wing,2,0.07,6,0.22,52,1.93,27,8,0.3,14.25,-0.16,-0.09,-0.02,-0.24
8478469,9,Thomas Chabot,Ottawa Senators,Defenseman,6,0.27,9,0.41,54,2.45,22,15,0.68,26.07,0.2,0.15,1.02,0.34
8479337,9,Alex DeBrincat,Ottawa Senators,Right Wing,7,0.26,15,0.56,93,3.44,27,22,0.81,19.24,0.03,0.25,1.49,0.27
8479458,9,Nikita Zaitsev,Ottawa Senators,Defenseman,0,0.0,1,0.08,4,0.33,12,1,0.08,16.31,-0.07,-0.18,-1.1,-0.26
8479580,9,Dylan Gambrell,Ottawa Senators,Center,1,0.1,0,0.0,7,0.7,10,1,0.1,9.5,-0.12,-0.31,-1.12,-0.42
8480073,9,Erik Brannstrom,Ottawa Senators,Defenseman,0,0.0,3,0.11,29,1.07,27,3,0.11,16.08,-0.07,-0.15,-0.36,-0.23
8480208,9,Drake Batherson,Ottawa Senators,Right Wing,7,0.26,16,0.59,81,3.0,27,23,0.85,18.17,0.03,0.28,1.05,0.31
8480355,9,Mark Kastelic,Ottawa Senators,Center,2,0.08,1,0.04,23,0.96,24,3,0.12,8.38,-0.14,-0.27,-0.86,-0.4
8480448,9,Parker Kelly,Ottawa Senators,Left Wing,0,0.0,1,0.04,16,0.64,25,1,0.04,8.46,-0.23,-0.27,-1.31,-0.5
8480801,9,Brady Tkachuk,Ottawa Senators,Left Wing,12,0.44,19,0.7,123,4.56,27,31,1.15,18.18,0.21,0.39,2.61,0.61
8481596,9,Shane Pinto,Ottawa Senators,Center,9,0.33,4,0.15,54,2.0,27,13,0.48,15.31,0.11,-0.16,0.18,-0.04
8482105,9,Jake Sanderson,Ottawa Senators,Defenseman,1,0.04,11,0.41,49,1.81,27,12,0.44,21.03,-0.03,0.15,0.38,0.1
8482116,9,Tim Stützle,Ottawa Senators,Left Wing,10,0.37,17,0.63,67,2.48,27,27,1.0,20.25,0.14,0.32,0.53,0.46
8475714,10,Calle Jarnkrok,Toronto Maple Leafs,Center,5,0.2,4,0.16,36,1.44,25,9,0.36,13.01,-0.02,-0.15,-0.38,-0.16
8476853,10,Morgan Rielly,Toronto Maple Leafs,Defenseman,0,0.0,16,0.8,34,1.7,20,16,0.8,23.0,-0.07,0.54,0.27,0.46
8479376,10,Victor Mete,Toronto Maple Leafs,Defenseman,0,0.0,2,0.18,7,0.64,11,2,0.18,13.04,-0.07,-0.08,-0.79,-0.16
8470966,10,Mark Giordano,Toronto Maple Leafs,Defenseman,1,0.03,6,0.21,39,1.34,29,7,0.24,19.49,-0.04,-0.05,-0.09,-0.1
8474673,10,TJ Brodie,Toronto Maple Leafs,Defenseman,0,0.0,3,0.18,19,1.12,17,3,0.18,21.05,-0.07,-0.08,-0.31,-0.16
8475166,10,John Tavares,Toronto Maple Leafs,Center,13,0.45,15,0.52,97,3.34,29,28,0.97,17.23,0.23,0.21,1.52,0.45
8475718,10,Justin Holl,Toronto Maple Leafs,Defenseman,1,0.03,2,0.07,25,0.86,29,3,0.1,21.31,-0.04,-0.19,-0.57,-0.24
8477021,10,Alexander Kerfoot,Toronto Maple Leafs,Center,2,0.07,10,0.34,45,1.55,29,12,0.41,15.22,-0.15,0.03,-0.27,-0.11
8477939,10,William Nylander,Toronto Maple Leafs,Right Wing,17,0.59,16,0.55,94,3.24,29,33,1.14,18.17,0.36,0.24,1.29,0.6
8478047,10,Michael Bunting,Toronto Maple Leafs,Left Wing,5,0.17,15,0.52,49,1.69,29,20,0.69,15.37,-0.06,0.21,-0.26,0.15
8478115,10,Pierre Engvall,Toronto Maple Leafs,Left Wing,4,0.15,3,0.11,44,1.63,27,7,0.26,12.15,-0.08,-0.2,-0.32,-0.28
8478483,10,Mitchell Marner,Toronto Maple Leafs,Right Wing,12,0.41,23,0.79,74,2.55,29,35,1.21,21.34,0.18,0.48,0.6,0.67
8478843,10,Denis Malgin,Toronto Maple Leafs,Center,2,0.1,2,0.1,44,2.2,20,4,0.2,11.23,-0.12,-0.21,0.38,-0.32
8479318,10,Auston Matthews,Toronto Maple Leafs,Center,15,0.52,19,0.66,129,4.45,29,34,1.17,20.18,0.3,0.35,2.63,0.65
8479944,10,Zach Aston-Reese,Toronto Maple Leafs,Center,3,0.11,1,0.04,24,0.89,27,4,0.15,11.37,-0.11,-0.27,-0.93,-0.37
8480043,10,Timothy Liljegren,Toronto Maple Leafs,Defenseman,2,0.11,3,0.17,15,0.83,18,5,0.28,18.57,0.04,-0.09,-0.6,-0.06
8480144,10,David Kampf,Toronto Maple Leafs,Center,4,0.14,7,0.24,36,1.24,29,11,0.38,15.05,-0.08,-0.07,-0.58,-0.14
8480873,10,Rasmus Sandin,Toronto Maple Leafs,Defenseman,2,0.07,9,0.31,27,0.93,29,11,0.38,18.1,-0.0,0.05,-0.5,0.04
8480995,10,Pontus Holmberg,Toronto Maple Leafs,Right Wing,2,0.14,2,0.14,9,0.64,14,4,0.29,9.42,-0.09,-0.17,-1.31,-0.25
8481582,10,Nicholas Robertson,Toronto Maple Leafs,Left Wing,2,0.13,3,0.2,27,1.8,15,5,0.33,10.53,-0.1,-0.11,-0.15,-0.21
8470613,12,Brent Burns,Carolina Hurricanes,Defenseman,4,0.15,16,0.59,93,3.44,27,20,0.74,23.41,0.08,0.33,2.01,0.4
8471669,12,Paul Stastny,Carolina Hurricanes,Center,1,0.04,6,0.23,23,0.88,26,7,0.27,11.0,-0.18,-0.08,-0.94,-0.25
8473533,12,Jordan Staal,Carolina Hurricanes,Center,7,0.26,3,0.11,41,1.52,27,10,0.37,16.19,0.04,-0.2,-0.3,-0.15
8474613,12,Derek Stepan,Carolina Hurricanes,Center,0,0.0,1,0.04,38,1.58,24,1,0.04,8.56,-0.22,-0.27,-0.24,-0.48
8475177,12,Calvin de Haan,Carolina Hurricanes,Defenseman,1,0.05,1,0.05,18,0.9,20,2,0.1,12.38,-0.02,-0.21,-0.53,-0.24
8475855,12,Jesper Fast,Carolina Hurricanes,Right Wing,2,0.08,6,0.23,23,0.88,26,8,0.31,15.04,-0.15,-0.08,-1.07,-0.23
8476474,12,Stefan Noesen,Carolina Hurricanes,Right Wing,3,0.12,9,0.35,51,1.96,26,12,0.46,12.36,-0.11,0.04,0.01,-0.08
8476869,12,Brady Skjei,Carolina Hurricanes,Defenseman,4,0.15,6,0.22,62,2.3,27,10,0.37,21.17,0.08,-0.04,0.87,0.03
8476882,12,Teuvo Teravainen,Carolina Hurricanes,Left Wing,0,0.0,8,0.47,40,2.35,17,8,0.47,16.4,-0.23,0.16,0.4,-0.07
8476921,12,Jordan Martinook,Carolina Hurricanes,Left Wing,7,0.26,7,0.26,53,1.96,27,14,0.52,14.52,0.03,-0.05,0.01,-0.02
8476958,12,Jaccob Slavin,Carolina Hurricanes,Defenseman,1,0.04,6,0.22,53,1.96,27,7,0.26,22.43,-0.03,-0.04,0.53,-0.08
8477488,12,Brett Pesce,Carolina Hurricanes,Defenseman,2,0.07,6,0.22,45,1.67,27,8,0.3,22.29,-0.0,-0.04,0.24,-0.04
8478427,12,Sebastian Aho,Carolina Hurricanes,Center,11,0.42,16,0.62,77,2.96,26,27,1.04,20.0,0.2,0.31,1.14,0.52
8478970,12,Jalen Chatfield,Carolina Hurricanes,Defenseman,0,0.0,0,0.0,27,1.0,27,0,0.0,13.01,-0.07,-0.26,-0.43,-0.34
8480039,12,Martin Necas,Carolina Hurricanes,Center,12,0.44,16,0.59,90,3.33,27,28,1.04,19.39,0.22,0.28,1.51,0.52
8480829,12,Jesperi Kotkaniemi,Carolina Hurricanes,Center,3,0.11,3,0.11,40,1.48,27,6,0.22,15.03,-0.11,-0.2,-0.34,-0.3
8480830,12,Andrei Svechnikov,Carolina Hurricanes,Right Wing,15,0.56,11,0.41,82,3.04,27,26,0.96,18.24,0.33,0.1,1.09,0.42
8480835,12,Jack Drury,Carolina Hurricanes,Center,0,0.0,1,0.07,24,1.6,15,1,0.07,10.13,-0.22,-0.24,-0.22,-0.45
8482093,12,Seth Jarvis,Carolina Hurricanes,Center,5,0.19,8,0.3,55,2.04,27,13,0.48,16.12,-0.03,-0.01,0.22,-0.04
8471887,13,Patric Hornqvist,Florida Panthers,Right Wing,1,0.05,2,0.09,40,1.82,22,3,0.14,9.16,-0.18,-0.22,-0.13,-0.4
8470595,13,Eric Staal,Florida Panthers,Center,0,0.0,4,0.19,30,1.43,21,4,0.19,12.58,-0.22,-0.12,-0.39,-0.33
8471686,13,Marc Staal,Florida Panthers,Defenseman,0,0.0,4,0.14,22,0.79,28,4,0.14,17.57,-0.07,-0.12,-0.64,-0.2
8475462,13,Radko Gudas,Florida Panthers,Defenseman,2,0.08,4,0.16,49,1.96,25,6,0.24,18.49,0.01,-0.1,0.53,-0.1
8476393,13,Nick Cousins,Florida Panthers,Center,3,0.12,6,0.24,40,1.6,25,9,0.36,10.37,-0.1,-0.07,-0.22,-0.16
8477409,13,Carter Verhaeghe,Florida Panthers,Center,15,0.54,9,0.32,89,3.18,28,24,0.86,17.29,0.32,0.01,1.36,0.34
8477493,13,Aleksander Barkov,Florida Panthers,Center,5,0.24,14,0.67,77,3.67,21,19,0.9,22.25,0.02,0.36,1.85,0.38
8477932,13,Aaron Ekblad,Florida Panthers,Defenseman,4,0.24,8,0.47,51,3.0,17,12,0.71,24.28,0.17,0.21,1.57,0.37
8477933,13,Sam Reinhart,Florida Panthers,Center,7,0.25,9,0.32,81,2.89,28,16,0.57,19.38,0.03,0.01,1.07,0.05
8477935,13,Sam Bennett,Florida Panthers,Center,7,0.25,15,0.54,86,3.07,28,22,0.79,17.5,0.03,0.23,1.25,0.27
8477986,13,Brandon Montour,Florida Panthers,Defenseman,5,0.19,17,0.65,78,3.0,26,22,0.85,24.38,0.12,0.39,1.57,0.51
8478055,13,Gustav Forsling,Florida Panthers,Defenseman,4,0.14,14,0.5,84,3.0,28,18,0.64,23.56,0.07,0.24,1.57,0.3
8478400,13,Colin White,Florida Panthers,Center,5,0.19,6,0.22,35,1.3,27,11,0.41,12.05,-0.03,-0.09,-0.52,-0.11
8479066,13,Ryan Lomberg,Florida Panthers,Left Wing,3,0.11,3,0.11,28,1.0,28,6,0.21,9.58,-0.12,-0.2,-0.95,-0.33
8479314,13,Matthew Tkachuk,Florida Panthers,Left Wing,13,0.5,24,0.92,103,3.96,26,37,1.42,20.48,0.27,0.61,2.01,0.88
8479372,13,Josh Mahura,Florida Panthers,Defenseman,3,0.11,4,0.14,31,1.11,28,7,0.25,14.09,0.04,-0.12,-0.32,-0.09
8480185,13,Eetu Luostarinen,Florida Panthers,Center,7,0.25,8,0.29,48,1.71,28,15,0.54,14.55,0.03,-0.02,-0.11,0.02
8482113,13,Anton Lundell,Florida Panthers,Center,4,0.17,9,0.38,56,2.33,24,13,0.54,16.56,-0.05,0.07,0.51,0.02
8482641,13,Matt Kiersted,Florida Panthers,Defenseman,1,0.08,1,0.08,11,0.85,13,2,0.15,10.19,0.01,-0.18,-0.58,-0.19
8478870,14,Rudolfs Balcers,Tampa Bay Lightning,Left Wing,3,0.18,2,0.12,24,1.41,17,5,0.29,10.12,-0.05,-0.19,-0.54,-0.25
8481043,14,Cole Koepke,Tampa Bay Lightning,Left Wing,1,0.06,0,0.0,12,0.71,17,1,0.06,9.06,-0.17,-0.31,-1.24,-0.48
8470621,14,Corey Perry,Tampa Bay Lightning,Right Wing,4,0.15,8,0.3,52,1.93,27,12,0.44,12.22,-0.08,-0.01,-0.02,-0.1
8473986,14,Alex Killorn,Tampa Bay Lightning,Left Wing,8,0.3,14,0.52,42,1.56,27,22,0.81,17.46,0.07,0.21,-0.39,0.27
8474013,14,Ian Cole,Tampa Bay Lightning,Defenseman,2,0.08,7,0.29,37,1.54,24,9,0.38,18.46,0.01,0.03,0.11,0.04
8474034,14,Pat Maroon,Tampa Bay Lightning,Left Wing,1,0.04,4,0.15,26,0.96,27,5,0.19,9.37,-0.19,-0.16,-0.99,-0.35
8474564,14,Steven Stamkos,Tampa Bay Lightning,Center,15,0.56,18,0.67,93,3.44,27,33,1.22,19.44,0.34,0.36,1.62,0.7
8475167,14,Victor Hedman,Tampa Bay Lightning,Defenseman,1,0.04,11,0.44,52,2.08,25,12,0.48,24.09,-0.03,0.18,0.65,0.14
8476453,14,Nikita Kucherov,Tampa Bay Lightning,Right Wing,11,0.41,28,1.04,98,3.63,27,39,1.44,21.29,0.18,0.73,1.68,0.9
8476480,14,Vladislav Namestnikov,Tampa Bay Lightning,Center,1,0.04,5,0.19,40,1.48,27,6,0.22,12.59,-0.18,-0.12,-0.34,-0.3
8477426,14,Nicholas Paul,Tampa Bay Lightning,Left Wing,12,0.44,8,0.3,55,2.04,27,20,0.74,17.27,0.21,-0.01,0.09,0.2
8477930,14,Pierre-Edouard Bellemare,Tampa Bay Lightning,Left Wing,0,0.0,2,0.08,11,0.44,25,2,0.08,11.41,-0.23,-0.23,-1.51,-0.46
8477938,14,Haydn Fleury,Tampa Bay Lightning,Defenseman,0,0.0,1,0.08,14,1.08,13,1,0.08,11.53,-0.07,-0.18,-0.35,-0.26
8478010,14,Brayden Point,Tampa Bay Lightning,Center,14,0.52,14,0.52,83,3.07,27,28,1.04,20.3,0.3,0.21,1.25,0.52
8478416,14,Erik Cernak,Tampa Bay Lightning,Defenseman,0,0.0,4,0.17,19,0.83,23,4,0.17,20.04,-0.07,-0.09,-0.6,-0.17
8479410,14,Mikhail Sergachev,Tampa Bay Lightning,Defenseman,5,0.19,20,0.74,46,1.7,27,25,0.93,23.47,0.12,0.48,0.27,0.59
8479525,14,Ross Colton,Tampa Bay Lightning,Center,6,0.23,5,0.19,39,1.5,26,11,0.42,11.35,0.01,-0.12,-0.32,-0.1
8479542,14,Brandon Hagel,Tampa Bay Lightning,Left Wing,8,0.3,11,0.41,50,1.85,27,19,0.7,18.42,0.07,0.1,-0.1,0.16
8479984,14,Cal Foote,Tampa Bay Lightning,Defenseman,1,0.07,2,0.14,12,0.86,14,3,0.21,14.54,-0.0,-0.12,-0.57,-0.13
8480246,14,Nick Perbix,Tampa Bay Lightning,Defenseman,3,0.14,3,0.14,35,1.67,21,6,0.29,15.09,0.07,-0.12,0.24,-0.05
8480796,15,Martin Fehervary,Washington Capitals,Defenseman,2,0.08,2,0.08,36,1.38,26,4,0.15,20.04,0.01,-0.18,-0.05,-0.19
8471214,15,Alex Ovechkin,Washington Capitals,Left Wing,16,0.55,13,0.45,126,4.34,29,29,1.0,20.43,0.32,0.14,2.39,0.46
8471698,15,T.J. Oshie,Washington Capitals,Right Wing,5,0.28,6,0.33,36,2.0,18,11,0.61,17.02,0.05,0.02,0.05,0.07
8474189,15,Lars Eller,Washington Capitals,Center,5,0.17,6,0.21,42,1.45,29,11,0.38,15.03,-0.05,-0.1,-0.37,-0.14
8474590,15,John Carlson,Washington Capitals,Defenseman,8,0.35,9,0.39,80,3.48,23,17,0.74,23.34,0.28,0.13,2.05,0.4
8475149,15,Marcus Johansson,Washington Capitals,Left Wing,6,0.21,7,0.24,47,1.62,29,13,0.45,16.05,-0.02,-0.07,-0.33,-0.09
8475200,15,Dmitry Orlov,Washington Capitals,Defenseman,0,0.0,5,0.38,26,2.0,13,5,0.38,21.16,-0.07,0.12,0.57,0.04
8475324,15,Nick Jensen,Washington Capitals,Defenseman,1,0.03,10,0.34,35,1.21,29,11,0.38,20.49,-0.04,0.08,-0.22,0.04
8475343,15,Nic Dowd,Washington Capitals,Center,4,0.14,4,0.14,21,0.72,29,8,0.28,13.09,-0.08,-0.17,-1.1,-0.24
8475625,15,Matt Irwin,Washington Capitals,Defenseman,0,0.0,1,0.05,24,1.26,19,1,0.05,12.25,-0.07,-0.21,-0.17,-0.29
8475744,15,Evgeny Kuznetsov,Washington Capitals,Center,3,0.11,18,0.64,70,2.5,28,21,0.75,18.31,-0.11,0.33,0.68,0.23
8476979,15,Erik Gustafsson,Washington Capitals,Defenseman,0,0.0,10,0.34,40,1.38,29,10,0.34,19.1,-0.07,0.08,-0.05,0.0
8477511,15,Anthony Mantha,Washington Capitals,Right Wing,7,0.24,8,0.28,52,1.79,29,15,0.52,14.37,0.01,-0.03,-0.16,-0.02
8477839,15,Conor Sheary,Washington Capitals,Left Wing,9,0.31,6,0.21,62,2.14,29,15,0.52,16.22,0.08,-0.1,0.19,-0.02
8477845,15,Trevor van Riemsdyk,Washington Capitals,Defenseman,1,0.03,4,0.14,21,0.72,29,5,0.17,17.39,-0.04,-0.12,-0.71,-0.17
8477903,15,Garnet Hathaway,Washington Capitals,Right Wing,2,0.07,2,0.07,29,1.0,29,4,0.14,12.09,-0.16,-0.24,-0.95,-0.4
8477947,15,Sonny Milano,Washington Capitals,Left Wing,3,0.18,7,0.41,24,1.41,17,10,0.59,13.46,-0.05,0.1,-0.54,0.05
8477979,15,Nicolas Aube-Kubel,Washington Capitals,Right Wing,0,0.0,0,0.0,4,0.4,10,0,0.0,8.57,-0.23,-0.31,-1.55,-0.54
8478440,15,Dylan Strome,Washington Capitals,Center,6,0.21,16,0.55,58,2.0,29,22,0.76,17.04,-0.01,0.24,0.18,0.24
8481656,15,Aliaksei Protas,Washington Capitals,Center,3,0.1,2,0.07,36,1.24,29,5,0.17,11.05,-0.12,-0.24,-0.58,-0.35
8471677,16,Jack Johnson,Chicago Blackhawks,Defenseman,0,0.0,4,0.15,32,1.23,26,4,0.15,20.2,-0.07,-0.11,-0.2,-0.19
8473604,16,Jonathan Toews,Chicago Blackhawks,Center,8,0.32,6,0.24,43,1.72,25,14,0.56,17.4,0.1,-0.07,-0.1,0.04
8474141,16,Patrick Kane,Chicago Blackhawks,Right Wing,4,0.15,16,0.62,88,3.38,26,20,0.77,20.08,-0.08,0.31,1.43,0.23
8475797,16,Jarred Tinordi,Chicago Blackhawks,Defenseman,2,0.1,3,0.14,17,0.81,21,5,0.24,17.1,0.03,-0.12,-0.62,-0.1
8476278,16,Colin Blackwell,Chicago Blackhawks,Center,0,0.0,3,0.13,27,1.17,23,3,0.13,12.25,-0.22,-0.18,-0.65,-0.39
8476473,16,Connor Murphy,Chicago Blackhawks,Defenseman,2,0.08,1,0.04,28,1.08,26,3,0.12,19.51,0.01,-0.22,-0.35,-0.22
8476915,16,Jujhar Khaira,Chicago Blackhawks,Left Wing,3,0.13,2,0.09,25,1.09,23,5,0.22,13.4,-0.1,-0.22,-0.86,-0.32
8476931,16,Jake McCabe,Chicago Blackhawks,Defenseman,1,0.04,7,0.3,18,0.78,23,8,0.35,19.3,-0.03,0.04,-0.65,0.01
8476960,16,Andreas Athanasiou,Chicago Blackhawks,Center,6,0.23,3,0.12,49,1.88,26,9,0.35,16.07,0.01,-0.19,0.06,-0.17
8477450,16,Jason Dickinson,Chicago Blackhawks,Center,4,0.18,6,0.27,30,1.36,22,10,0.45,15.29,-0.04,-0.04,-0.46,-0.07
8477495,16,Seth Jones,Chicago Blackhawks,Defenseman,1,0.06,6,0.38,38,2.38,16,7,0.44,24.44,-0.01,0.12,0.95,0.1
8477503,16,Max Domi,Chicago Blackhawks,Center,9,0.35,10,0.38,53,2.04,26,19,0.73,18.33,0.13,0.07,0.22,0.21
8478043,16,Sam Lafferty,Chicago Blackhawks,Center,3,0.15,4,0.2,26,1.3,20,7,0.35,13.57,-0.07,-0.11,-0.52,-0.17
8478452,16,Caleb Jones,Chicago Blackhawks,Defenseman,1,0.05,8,0.38,27,1.29,21,9,0.43,18.03,-0.02,0.12,-0.14,0.09
8479383,16,Boris Katchouk,Chicago Blackhawks,Left Wing,1,0.07,1,0.07,13,0.87,15,2,0.13,9.18,-0.16,-0.24,-1.08,-0.41
8479390,16,Taylor Raddysh,Chicago Blackhawks,Right Wing,8,0.31,3,0.12,37,1.42,26,11,0.42,15.52,0.08,-0.19,-0.53,-0.12
8480025,16,MacKenzie Entwistle,Chicago Blackhawks,Right Wing,1,0.04,3,0.12,19,0.73,26,4,0.15,11.47,-0.19,-0.19,-1.22,-0.39
8480798,16,Philipp Kurashev,Chicago Blackhawks,Center,3,0.12,9,0.35,49,1.88,26,12,0.46,17.15,-0.1,0.04,0.06,-0.06
8481147,16,Reese Johnson,Chicago Blackhawks,Center,2,0.1,1,0.05,15,0.75,20,3,0.15,10.06,-0.12,-0.26,-1.07,-0.37
8483619,16,Filip Roos,Chicago Blackhawks,Defenseman,1,0.07,2,0.13,17,1.13,15,3,0.2,16.18,-0.0,-0.13,-0.3,-0.14
8474102,17,David Perron,Detroit Red Wings,Left Wing,9,0.33,12,0.44,73,2.7,27,21,0.78,16.49,0.1,0.13,0.75,0.24
8475279,17,Ben Chiarot,Detroit Red Wings,Defenseman,2,0.07,5,0.19,43,1.59,27,7,0.26,20.54,-0.0,-0.07,0.16,-0.08
8476874,17,Olli Maatta,Detroit Red Wings,Defenseman,2,0.08,8,0.32,20,0.8,25,10,0.4,19.55,0.01,0.06,-0.63,0.06
8476897,17,Oskar Sundqvist,Detroit Red Wings,Center,4,0.2,7,0.35,23,1.15,20,11,0.55,16.15,-0.02,0.04,-0.67,0.03
8477330,17,Dominik Kubalik,Detroit Red Wings,Left Wing,10,0.37,15,0.56,76,2.81,27,25,0.93,16.24,0.14,0.25,0.86,0.39
8477429,17,Andrew Copp,Detroit Red Wings,Center,3,0.11,14,0.52,34,1.26,27,17,0.63,17.1,-0.11,0.21,-0.56,0.11
8477454,17,Adam Erne,Detroit Red Wings,Left Wing,4,0.15,7,0.26,26,0.96,27,11,0.41,14.2,-0.08,-0.05,-0.99,-0.13
8477462,17,Robert Hagg,Detroit Red Wings,Defenseman,0,0.0,2,0.15,19,1.46,13,2,0.15,15.42,-0.07,-0.11,0.03,-0.19
8477851,17,Jordan Oesterle,Detroit Red Wings,Defenseman,1,0.06,1,0.06,17,1.0,17,2,0.12,15.25,-0.01,-0.2,-0.43,-0.22
8477946,17,Dylan Larkin,Detroit Red Wings,Center,10,0.37,17,0.63,92,3.41,27,27,1.0,20.35,0.15,0.32,1.59,0.48
8478013,17,Jake Walman,Detroit Red Wings,Defenseman,1,0.09,0,0.0,16,1.45,11,1,0.09,15.56,0.02,-0.26,0.02,-0.25
8479425,17,Filip Hronek,Detroit Red Wings,Defenseman,6,0.22,18,0.67,63,2.33,27,24,0.89,22.3,0.15,0.41,0.9,0.55
8479992,17,Michael Rasmussen,Detroit Red Wings,Center,4,0.16,6,0.24,36,1.44,25,10,0.4,14.02,-0.06,-0.07,-0.38,-0.12
8480184,17,Gustav Lindstrom,Detroit Red Wings,Defenseman,0,0.0,1,0.07,9,0.6,15,1,0.07,13.58,-0.07,-0.19,-0.83,-0.27
8480459,17,Pius Suter,Detroit Red Wings,Center,4,0.15,4,0.15,41,1.58,26,8,0.31,12.51,-0.07,-0.16,-0.24,-0.21
8480813,17,Joe Veleno,Detroit Red Wings,Center,3,0.12,3,0.12,22,0.85,26,6,0.23,11.47,-0.1,-0.19,-0.97,-0.29
8481542,17,Moritz Seider,Detroit Red Wings,Defenseman,2,0.07,10,0.37,44,1.63,27,12,0.44,22.39,-0.0,0.11,0.2,0.1
8482078,17,Lucas Raymond,Detroit Red Wings,Left Wing,7,0.26,9,0.33,50,1.85,27,16,0.59,17.44,0.03,0.02,-0.1,0.05
8474151,18,Ryan McDonagh,Nashville Predators,Defenseman,0,0.0,6,0.26,20,0.87,23,6,0.26,20.15,-0.07,-0.0,-0.56,-0.08
8474600,18,Roman Josi,Nashville Predators,Defenseman,6,0.24,15,0.6,113,4.52,25,21,0.84,25.18,0.17,0.34,3.09,0.5
8475168,18,Matt Duchene,Nashville Predators,Center,6,0.24,15,0.6,59,2.36,25,21,0.84,18.24,0.02,0.29,0.54,0.32
8475218,18,Mattias Ekholm,Nashville Predators,Defenseman,1,0.04,7,0.28,41,1.64,25,8,0.32,21.25,-0.03,0.02,0.21,-0.02
8475793,18,Ryan Johansen,Nashville Predators,Center,7,0.28,8,0.32,37,1.48,25,15,0.6,16.12,0.06,0.01,-0.34,0.08
8475798,18,Mikael Granlund,Nashville Predators,Center,4,0.16,14,0.56,37,1.48,25,18,0.72,19.31,-0.06,0.25,-0.34,0.2
8475799,18,Nino Niederreiter,Nashville Predators,Right Wing,10,0.4,3,0.12,51,2.04,25,13,0.52,15.41,0.17,-0.19,0.09,-0.02
8476873,18,Mark Jankowski,Nashville Predators,Center,3,0.23,2,0.15,16,1.23,13,5,0.38,13.05,0.01,-0.16,-0.59,-0.14
8476887,18,Filip Forsberg,Nashville Predators,Left Wing,8,0.32,15,0.6,80,3.2,25,23,0.92,18.08,0.09,0.29,1.25,0.38
8476925,18,Colton Sissons,Nashville Predators,Center,3,0.12,4,0.16,24,0.96,25,7,0.28,15.31,-0.1,-0.15,-0.86,-0.24
8477446,18,Michael McCarron,Nashville Predators,Right Wing,1,0.07,1,0.07,21,1.4,15,2,0.13,9.5,-0.16,-0.24,-0.55,-0.41
8478468,18,Jeremy Lauzon,Nashville Predators,Defenseman,0,0.0,1,0.05,20,0.95,21,1,0.05,15.33,-0.07,-0.21,-0.48,-0.29
8478508,18,Yakov Trenin,Nashville Predators,Center,2,0.1,3,0.15,33,1.65,20,5,0.25,14.13,-0.12,-0.16,-0.17,-0.27
8478851,18,Alexandre Carrier,Nashville Predators,Defenseman,1,0.04,0,0.0,26,1.13,23,1,0.04,17.51,-0.03,-0.26,-0.3,-0.3
8479371,18,Dante Fabbro,Nashville Predators,Defenseman,0,0.0,4,0.17,31,1.29,24,4,0.17,16.1,-0.07,-0.09,-0.14,-0.17
8479661,18,Tanner Jeannot,Nashville Predators,Left Wing,3,0.12,3,0.12,43,1.72,25,6,0.24,15.39,-0.11,-0.19,-0.23,-0.3
8479996,18,Cody Glass,Nashville Predators,Center,1,0.07,2,0.13,19,1.27,15,3,0.2,11.24,-0.15,-0.18,-0.55,-0.32
8480009,18,Eeli Tolvanen,Nashville Predators,Right Wing,2,0.15,2,0.15,19,1.46,13,4,0.31,12.49,-0.08,-0.16,-0.49,-0.23
8481704,18,Juuso Parssinen,Nashville Predators,Center,3,0.27,2,0.18,17,1.55,11,5,0.45,16.1,0.05,-0.13,-0.27,-0.07
8482062,18,Cole Smith,Nashville Predators,Left Wing,0,0.0,6,0.24,23,0.92,25,6,0.24,11.37,-0.23,-0.07,-1.03,-0.3
8474145,19,Robert Bortuzzo,St. Louis Blues,Defenseman,0,0.0,0,0.0,11,0.61,18,0,0.0,11.39,-0.07,-0.26,-0.82,-0.34
8475158,19,Ryan O'Reilly,St. Louis Blues,Center,9,0.33,5,0.19,58,2.15,27,14,0.52,18.15,0.11,-0.12,0.33,-0.0
8475170,19,Brayden Schenn,St. Louis Blues,Center,6,0.22,14,0.52,42,1.56,27,20,0.74,17.37,0.0,0.21,-0.26,0.22
8475181,19,Nick Leddy,St. Louis Blues,Defenseman,0,0.0,9,0.33,31,1.15,27,9,0.33,21.12,-0.07,0.07,-0.28,-0.01
8475752,19,Tyler Pitlick,St. Louis Blues,Center,1,0.05,1,0.05,11,0.58,19,2,0.11,9.22,-0.17,-0.26,-1.24,-0.41
8475753,19,Justin Faulk,St. Louis Blues,Defenseman,4,0.15,14,0.52,72,2.67,27,18,0.67,23.18,0.08,0.26,1.24,0.33
8475765,19,Vladimir Tarasenko,St. Louis Blues,Right Wing,7,0.28,13,0.52,64,2.56,25,20,0.8,17.46,0.05,0.21,0.61,0.26
8476410,19,Josh Leivo,St. Louis Blues,Left Wing,2,0.11,7,0.39,45,2.5,18,9,0.5,13.45,-0.12,0.08,0.55,-0.04
8476438,19,Brandon Saad,St. Louis Blues,Left Wing,6,0.29,2,0.1,36,1.71,21,8,0.38,16.27,0.06,-0.21,-0.24,-0.16
8476792,19,Torey Krug,St. Louis Blues,Defenseman,5,0.21,6,0.25,48,2.0,24,11,0.46,19.16,0.14,-0.01,0.57,0.12
8476892,19,Colton Parayko,St. Louis Blues,Defenseman,1,0.04,6,0.25,47,1.96,24,7,0.29,23.06,-0.03,-0.01,0.53,-0.05
8477402,19,Pavel Buchnevich,St. Louis Blues,Left Wing,9,0.45,11,0.55,46,2.3,20,20,1.0,18.49,0.22,0.24,0.35,0.46
8477573,19,Nathan Walker,St. Louis Blues,Left Wing,0,0.0,1,0.06,9,0.56,16,1,0.06,10.04,-0.23,-0.25,-1.39,-0.48
8477964,19,Ivan Barbashev,St. Louis Blues,Center,4,0.14,8,0.29,45,1.61,28,12,0.43,15.23,-0.08,-0.02,-0.21,-0.09
8478569,19,Noel Acciari,St. Louis Blues,Center,8,0.3,4,0.15,42,1.56,27,12,0.44,13.5,0.08,-0.16,-0.26,-0.08
8478859,19,Niko Mikkola,St. Louis Blues,Defenseman,0,0.0,2,0.07,14,0.52,27,2,0.07,16.1,-0.07,-0.19,-0.91,-0.27
8479385,19,Jordan Kyrou,St. Louis Blues,Center,10,0.38,12,0.46,84,3.23,26,22,0.85,18.08,0.16,0.15,1.41,0.33
8480023,19,Robert Thomas,St. Louis Blues,Center,6,0.23,18,0.69,36,1.38,26,24,0.92,19.27,0.01,0.38,-0.44,0.4
8480157,19,Calle Rosen,St. Louis Blues,Defenseman,2,0.12,4,0.24,21,1.24,17,6,0.35,13.59,0.05,-0.02,-0.19,0.01
8480281,19,Alexey Toropchenko,St. Louis Blues,Right Wing,1,0.07,0,0.0,19,1.27,15,1,0.07,10.24,-0.16,-0.31,-0.68,-0.47
8473453,20,Trevor Lewis,Calgary Flames,Center,5,0.18,3,0.11,54,1.93,28,8,0.29,13.06,-0.04,-0.2,0.11,-0.23
8473473,20,Milan Lucic,Calgary Flames,Left Wing,0,0.0,5,0.19,22,0.81,27,5,0.19,10.21,-0.23,-0.12,-1.14,-0.35
8474150,20,Mikael Backlund,Calgary Flames,Center,5,0.18,11,0.39,74,2.64,28,16,0.57,17.19,-0.04,0.08,0.82,0.05
8474628,20,Michael Stone,Calgary Flames,Defenseman,3,0.17,4,0.22,36,2.0,18,7,0.39,13.16,0.1,-0.04,0.57,0.05
8475172,20,Nazem Kadri,Calgary Flames,Center,11,0.39,10,0.36,86,3.07,28,21,0.75,17.12,0.17,0.05,1.25,0.23
8475690,20,Chris Tanev,Calgary Flames,Defenseman,0,0.0,5,0.22,21,0.91,23,5,0.22,20.15,-0.07,-0.04,-0.52,-0.12
8475726,20,Tyler Toffoli,Calgary Flames,Right Wing,10,0.36,10,0.36,87,3.11,28,20,0.71,16.5,0.13,0.05,1.16,0.17
8476399,20,Blake Coleman,Calgary Flames,Center,5,0.18,7,0.25,52,1.86,28,12,0.43,14.39,-0.04,-0.06,0.04,-0.09
8476439,20,Brett Ritchie,Calgary Flames,Right Wing,5,0.23,2,0.09,28,1.27,22,7,0.32,9.17,0.0,-0.22,-0.68,-0.22
8476456,20,Jonathan Huberdeau,Calgary Flames,Center,4,0.16,13,0.52,43,1.72,25,17,0.68,17.13,-0.06,0.21,-0.1,0.16
8477346,20,MacKenzie Weegar,Calgary Flames,Defenseman,0,0.0,6,0.21,50,1.79,28,6,0.21,20.57,-0.07,-0.05,0.36,-0.13
8477496,20,Elias Lindholm,Calgary Flames,Center,9,0.32,14,0.5,67,2.39,28,23,0.82,19.18,0.1,0.19,0.57,0.3
8477507,20,Nikita Zadorov,Calgary Flames,Defenseman,4,0.14,2,0.07,48,1.71,28,6,0.21,19.32,0.07,-0.19,0.28,-0.13
8478233,20,Andrew Mangiapane,Calgary Flames,Left Wing,6,0.21,7,0.25,53,1.89,28,13,0.46,16.25,-0.02,-0.06,-0.06,-0.08
8478396,20,Noah Hanifin,Calgary Flames,Defenseman,3,0.11,10,0.37,69,2.56,27,13,0.48,22.18,0.04,0.11,1.13,0.14
8478397,20,Rasmus Andersson,Calgary Flames,Defenseman,4,0.14,16,0.57,58,2.07,28,20,0.71,24.29,0.07,0.31,0.64,0.37
8479346,20,Dillon Dube,Calgary Flames,Center,5,0.18,7,0.25,43,1.54,28,12,0.43,14.54,-0.04,-0.06,-0.28,-0.09
8480008,20,Adam Ruzicka,Calgary Flames,Center,6,0.33,10,0.56,27,1.5,18,16,0.89,13.36,0.11,0.25,-0.32,0.37
8476312,21,Josh Manson,Colorado Avalanche,Defenseman,2,0.1,4,0.19,30,1.43,21,6,0.29,16.57,0.03,-0.07,-0.0,-0.05
8481524,21,Bowen Byram,Colorado Avalanche,Defenseman,2,0.2,3,0.3,11,1.1,10,5,0.5,20.47,0.13,0.04,-0.33,0.16
8480822,21,Martin Kaut,Colorado Avalanche,Right Wing,1,0.06,2,0.11,19,1.06,18,3,0.17,10.13,-0.17,-0.2,-0.89,-0.37
8471699,21,Andrew Cogliano,Colorado Avalanche,Center,4,0.15,3,0.12,39,1.5,26,7,0.27,14.08,-0.07,-0.19,-0.32,-0.25
8473446,21,Erik Johnson,Colorado Avalanche,Defenseman,0,0.0,5,0.19,43,1.65,26,5,0.19,17.11,-0.07,-0.07,0.22,-0.15
8477456,21,J.T. Compher,Colorado Avalanche,Left Wing,3,0.12,11,0.42,37,1.42,26,14,0.54,18.5,-0.11,0.11,-0.53,0.0
8477476,21,Artturi Lehkonen,Colorado Avalanche,Left Wing,7,0.32,11,0.5,55,2.5,22,18,0.82,20.59,0.09,0.19,0.55,0.28
8477492,21,Nathan MacKinnon,Colorado Avalanche,Center,8,0.35,26,1.13,120,5.22,23,34,1.48,21.53,0.13,0.82,3.4,0.96
8478038,21,Devon Toews,Colorado Avalanche,Defenseman,1,0.04,14,0.61,40,1.74,23,15,0.65,24.34,-0.03,0.35,0.31,0.31
8478211,21,Dryden Hunt,Colorado Avalanche,Left Wing,2,0.08,0,0.0,17,0.68,25,2,0.08,8.14,-0.15,-0.31,-1.27,-0.46
8478420,21,Mikko Rantanen,Colorado Avalanche,Right Wing,16,0.64,17,0.68,72,2.88,25,33,1.32,22.1,0.41,0.37,0.93,0.78
8478542,21,Evan Rodrigues,Colorado Avalanche,Center,6,0.33,3,0.17,48,2.67,18,9,0.5,18.06,0.11,-0.14,0.85,-0.02
8479398,21,Samuel Girard,Colorado Avalanche,Defenseman,1,0.05,4,0.2,32,1.6,20,5,0.25,19.48,-0.02,-0.06,0.17,-0.09
8479439,21,Jacob MacDonald,Colorado Avalanche,Defenseman,0,0.0,1,0.06,21,1.17,18,1,0.06,11.1,-0.07,-0.2,-0.26,-0.28
8480069,21,Cale Makar,Colorado Avalanche,Defenseman,6,0.24,18,0.72,75,3.0,25,24,0.96,26.58,0.17,0.46,1.57,0.62
8481186,21,Logan O'Connor,Colorado Avalanche,Right Wing,5,0.19,3,0.12,45,1.73,26,8,0.31,15.25,-0.04,-0.19,-0.22,-0.23
8481618,21,Alex Newhook,Colorado Avalanche,Center,6,0.23,5,0.19,36,1.38,26,11,0.42,14.53,0.01,-0.12,-0.44,-0.1
8475169,22,Evander Kane,Edmonton Oilers,Left Wing,5,0.36,8,0.57,50,3.57,14,13,0.93,19.29,0.13,0.26,1.62,0.39
8477998,22,Warren Foegele,Edmonton Oilers,Left Wing,3,0.15,2,0.1,32,1.6,20,5,0.25,12.13,-0.08,-0.21,-0.35,-0.29
8480802,22,Ryan McLeod,Edmonton Oilers,Center,3,0.14,5,0.24,22,1.05,21,8,0.38,14.45,-0.08,-0.07,-0.77,-0.14
8475197,22,Tyson Barrie,Edmonton Oilers,Defenseman,4,0.14,14,0.5,49,1.75,28,18,0.64,19.31,0.07,0.24,0.32,0.3
8475786,22,Zach Hyman,Edmonton Oilers,Left Wing,9,0.33,19,0.7,101,3.74,27,28,1.04,20.22,0.1,0.39,1.79,0.5
8476454,22,Ryan Nugent-Hopkins,Edmonton Oilers,Center,14,0.5,19,0.68,70,2.5,28,33,1.18,19.38,0.28,0.37,0.68,0.66
8476850,22,Ryan Murray,Edmonton Oilers,Defenseman,0,0.0,3,0.23,8,0.62,13,3,0.23,13.07,-0.07,-0.03,-0.81,-0.11
8476879,22,Cody Ceci,Edmonton Oilers,Defenseman,1,0.04,4,0.14,30,1.07,28,5,0.18,21.02,-0.03,-0.12,-0.36,-0.16
8476913,22,Devin Shore,Edmonton Oilers,Center,0,0.0,3,0.13,14,0.61,23,3,0.13,8.33,-0.22,-0.18,-1.21,-0.39
8476967,22,Brett Kulak,Edmonton Oilers,Defenseman,2,0.07,6,0.21,35,1.25,28,8,0.29,17.43,-0.0,-0.05,-0.18,-0.05
8477406,22,Mattias Janmark,Edmonton Oilers,Center,1,0.07,2,0.14,13,0.93,14,3,0.21,15.15,-0.15,-0.17,-0.89,-0.31
8477498,22,Darnell Nurse,Edmonton Oilers,Defenseman,4,0.14,12,0.43,61,2.18,28,16,0.57,23.48,0.07,0.17,0.75,0.23
8477934,22,Leon Draisaitl,Edmonton Oilers,Center,19,0.68,27,0.96,89,3.18,28,46,1.64,22.12,0.46,0.65,1.36,1.12
8478402,22,Connor McDavid,Edmonton Oilers,Center,25,0.89,29,1.04,110,3.93,28,54,1.93,22.43,0.67,0.73,2.11,1.41
8478585,22,Derek Ryan,Edmonton Oilers,Center,4,0.15,3,0.11,28,1.04,27,7,0.26,10.45,-0.07,-0.2,-0.78,-0.26
8479344,22,Jesse Puljujarvi,Edmonton Oilers,Right Wing,1,0.04,5,0.18,41,1.46,28,6,0.21,13.34,-0.19,-0.13,-0.49,-0.33
8479977,22,Kailer Yamamoto,Edmonton Oilers,Right Wing,1,0.06,5,0.31,21,1.31,16,6,0.38,16.27,-0.17,0.0,-0.64,-0.16
8480011,22,Klim Kostin,Edmonton Oilers,Center,2,0.17,2,0.17,19,1.58,12,4,0.33,9.55,-0.05,-0.14,-0.24,-0.19
8480803,22,Evan Bouchard,Edmonton Oilers,Defenseman,3,0.11,8,0.29,64,2.29,28,11,0.39,18.4,0.04,0.03,0.86,0.05
8482077,22,Dylan Holloway,Edmonton Oilers,Left Wing,1,0.04,3,0.12,14,0.58,24,4,0.17,8.3,-0.19,-0.19,-1.37,-0.37
8476871,23,Tanner Pearson,Vancouver Canucks,Left Wing,1,0.07,4,0.29,17,1.21,14,5,0.36,13.29,-0.16,-0.02,-0.74,-0.18
8481617,23,Vasily Podkolzin,Vancouver Canucks,Right Wing,0,0.0,3,0.19,18,1.12,16,3,0.19,12.34,-0.23,-0.12,-0.83,-0.35
8474568,23,Luke Schenn,Vancouver Canucks,Defenseman,2,0.07,6,0.21,36,1.29,28,8,0.29,17.41,-0.0,-0.05,-0.14,-0.05
8474574,23,Tyler Myers,Vancouver Canucks,Defenseman,0,0.0,5,0.2,30,1.2,25,5,0.2,20.13,-0.07,-0.06,-0.23,-0.14
8475171,23,Oliver Ekman-Larsson,Vancouver Canucks,Defenseman,1,0.04,12,0.43,51,1.82,28,13,0.46,20.47,-0.03,0.17,0.39,0.12
8476468,23,J.T. Miller,Vancouver Canucks,Center,11,0.39,15,0.54,63,2.25,28,26,0.93,20.5,0.17,0.23,0.43,0.41
8477335,23,Kyle Burroughs,Vancouver Canucks,Defenseman,2,0.14,0,0.0,14,1.0,14,2,0.14,18.06,0.07,-0.26,-0.43,-0.2
8477500,23,Bo Horvat,Vancouver Canucks,Center,20,0.71,9,0.32,93,3.32,28,29,1.04,20.52,0.49,0.01,1.5,0.52
8477508,23,Curtis Lazar,Vancouver Canucks,Center,1,0.06,1,0.06,21,1.17,18,2,0.11,12.08,-0.16,-0.25,-0.65,-0.41
8478057,23,Dakota Joshua,Vancouver Canucks,Center,6,0.24,2,0.08,24,0.96,25,8,0.32,10.23,0.02,-0.23,-0.86,-0.2
8478444,23,Brock Boeser,Vancouver Canucks,Right Wing,4,0.18,12,0.55,48,2.18,22,16,0.73,15.56,-0.05,0.24,0.23,0.19
8478451,23,Ethan Bear,Vancouver Canucks,Defenseman,2,0.11,4,0.21,16,0.84,19,6,0.32,18.36,0.04,-0.05,-0.59,-0.02
8478856,23,Conor Garland,Vancouver Canucks,Right Wing,4,0.15,8,0.3,52,1.93,27,12,0.44,14.47,-0.08,-0.01,-0.02,-0.1
8479388,23,Riley Stillman,Vancouver Canucks,Defenseman,0,0.0,3,0.19,17,1.06,16,3,0.19,15.04,-0.07,-0.07,-0.37,-0.15
8480012,23,Elias Pettersson,Vancouver Canucks,Center,13,0.46,21,0.75,92,3.29,28,34,1.21,19.5,0.24,0.44,1.47,0.69
8480021,23,Jack Studnicka,Vancouver Canucks,Center,2,0.17,1,0.08,16,1.33,12,3,0.25,10.29,-0.05,-0.23,-0.49,-0.27
8480326,23,Sheldon Dries,Vancouver Canucks,Center,2,0.13,4,0.27,27,1.8,15,6,0.4,10.48,-0.09,-0.04,-0.02,-0.12
8480800,23,Quinn Hughes,Vancouver Canucks,Defenseman,0,0.0,25,1.04,45,1.88,24,25,1.04,24.57,-0.07,0.78,0.45,0.7
8481535,23,Nils Hoglander,Vancouver Canucks,Left Wing,3,0.13,4,0.17,26,1.13,23,7,0.3,12.03,-0.1,-0.14,-0.82,-0.24
8481624,23,Ilya Mikheyev,Vancouver Canucks,Right Wing,9,0.36,7,0.28,50,2.0,25,16,0.64,17.09,0.13,-0.03,0.05,0.1
8482496,23,Nils Aman,Vancouver Canucks,Center,1,0.04,4,0.14,20,0.71,28,5,0.18,12.16,-0.18,-0.17,-1.11,-0.34
8483808,23,Andrei Kuzmenko,Vancouver Canucks,Left Wing,13,0.48,12,0.44,54,2.0,27,25,0.93,15.38,0.25,0.13,0.05,0.39
8474683,24,Derek Grant,Anaheim Ducks,Center,2,0.13,1,0.07,22,1.47,15,3,0.2,13.47,-0.09,-0.24,-0.35,-0.32
8480806,24,Isac Lundestrom,Anaheim Ducks,Center,1,0.04,5,0.21,28,1.17,24,6,0.25,14.02,-0.18,-0.1,-0.65,-0.27
8474031,24,Kevin Shattenkirk,Anaheim Ducks,Defenseman,0,0.0,8,0.33,52,2.17,24,8,0.33,17.45,-0.07,0.07,0.74,-0.01
8474641,24,Adam Henrique,Anaheim Ducks,Center,8,0.3,6,0.22,55,2.04,27,14,0.52,18.03,0.08,-0.09,0.22,-0.0
8475164,24,Jakob Silfverberg,Anaheim Ducks,Right Wing,4,0.15,2,0.07,53,1.96,27,6,0.22,15.05,-0.08,-0.24,0.01,-0.32
8475179,24,Dmitry Kulikov,Anaheim Ducks,Defenseman,2,0.07,7,0.25,42,1.5,28,9,0.32,20.53,-0.0,-0.01,0.07,-0.02
8475764,24,Cam Fowler,Anaheim Ducks,Defenseman,3,0.11,12,0.43,49,1.75,28,15,0.54,24.55,0.04,0.17,0.32,0.2
8475842,24,Sam Carrick,Anaheim Ducks,Center,0,0.0,2,0.15,14,1.08,13,2,0.15,9.51,-0.22,-0.16,-0.74,-0.37
8475906,24,John Klingberg,Anaheim Ducks,Defenseman,1,0.05,7,0.33,30,1.43,21,8,0.38,22.51,-0.02,0.07,-0.0,0.04
8476458,24,Ryan Strome,Anaheim Ducks,Center,7,0.25,7,0.25,42,1.5,28,14,0.5,17.1,0.03,-0.06,-0.32,-0.02
8476470,24,Nathan Beaulieu,Anaheim Ducks,Defenseman,0,0.0,3,0.19,8,0.5,16,3,0.19,12.39,-0.07,-0.07,-0.93,-0.15
8477126,24,Jayson Megna,Anaheim Ducks,Center,0,0.0,0,0.0,6,0.4,15,0,0.0,7.26,-0.22,-0.31,-1.42,-0.52
8478366,24,Frank Vatrano,Anaheim Ducks,Right Wing,4,0.14,6,0.21,82,2.93,28,10,0.36,17.19,-0.09,-0.1,0.98,-0.18
8478841,24,Colton White,Anaheim Ducks,Defenseman,0,0.0,1,0.07,9,0.64,14,1,0.07,12.41,-0.07,-0.19,-0.79,-0.27
8478873,24,Troy Terry,Anaheim Ducks,Right Wing,11,0.39,16,0.57,89,3.18,28,27,0.96,20.09,0.16,0.26,1.23,0.42
8479368,24,Max Jones,Anaheim Ducks,Left Wing,2,0.07,3,0.11,37,1.37,27,5,0.19,11.48,-0.16,-0.2,-0.58,-0.35
8480031,24,Max Comtois,Anaheim Ducks,Left Wing,5,0.29,0,0.0,27,1.59,17,5,0.29,13.41,0.06,-0.31,-0.36,-0.25
8481122,24,Simon Benoit,Anaheim Ducks,Defenseman,0,0.0,1,0.04,19,0.79,24,1,0.04,18.08,-0.07,-0.22,-0.64,-0.3
8481517,24,Brett Leason,Anaheim Ducks,Right Wing,3,0.14,1,0.05,19,0.86,22,4,0.18,11.14,-0.09,-0.26,-1.09,-0.36
8481533,24,Trevor Zegras,Anaheim Ducks,Center,10,0.36,13,0.46,69,2.46,28,23,0.82,19.52,0.14,0.15,0.64,0.3
8482745,24,Mason McTavish,Anaheim Ducks,Center,4,0.14,10,0.36,53,1.89,28,14,0.5,14.09,-0.08,0.05,0.07,-0.02
8470600,25,Ryan Suter,Dallas Stars,Defenseman,0,0.0,4,0.14,33,1.18,28,4,0.14,21.5,-0.07,-0.12,-0.25,-0.2
8470794,25,Joe Pavelski,Dallas Stars,Center,10,0.36,19,0.68,72,2.57,28,29,1.04,16.59,0.14,0.37,0.75,0.52
8473994,25,Jamie Benn,Dallas Stars,Left Wing,11,0.39,16,0.57,69,2.46,28,27,0.96,15.07,0.16,0.26,0.51,0.42
8475794,25,Tyler Seguin,Dallas Stars,Center,5,0.18,16,0.57,64,2.29,28,21,0.75,16.54,-0.04,0.26,0.47,0.23
8475825,25,Jani Hakanpaa,Dallas Stars,Defenseman,3,0.11,4,0.14,27,0.96,28,7,0.25,18.51,0.04,-0.12,-0.47,-0.09
8476525,25,Colin Miller,Dallas Stars,Defenseman,1,0.04,6,0.22,31,1.15,27,7,0.26,16.4,-0.03,-0.04,-0.28,-0.08
8476822,25,Luke Glendening,Dallas Stars,Center,2,0.07,2,0.07,20,0.71,28,4,0.14,12.25,-0.15,-0.24,-1.11,-0.38
8476889,25,Radek Faksa,Dallas Stars,Center,3,0.11,3,0.11,18,0.64,28,6,0.21,13.05,-0.11,-0.2,-1.18,-0.31
8476902,25,Esa Lindell,Dallas Stars,Defenseman,2,0.07,7,0.25,37,1.32,28,9,0.32,19.58,-0.0,-0.01,-0.11,-0.02
8478449,25,Roope Hintz,Dallas Stars,Center,11,0.41,21,0.78,58,2.15,27,32,1.19,17.23,0.19,0.47,0.33,0.67
8478495,25,Denis Gurianov,Dallas Stars,Right Wing,2,0.1,3,0.14,35,1.67,21,5,0.24,12.44,-0.13,-0.17,-0.28,-0.3
8478975,25,Mason Marchment,Dallas Stars,Left Wing,8,0.29,9,0.32,68,2.43,28,17,0.61,15.46,0.06,0.01,0.48,0.07
8480027,25,Jason Robertson,Dallas Stars,Left Wing,23,0.82,19,0.68,122,4.36,28,42,1.5,18.09,0.59,0.37,2.41,0.96
8480036,25,Miro Heiskanen,Dallas Stars,Defenseman,5,0.2,17,0.68,67,2.68,25,22,0.88,25.27,0.13,0.42,1.25,0.54
8480848,25,Ty Dellandrea,Dallas Stars,Center,4,0.14,9,0.32,34,1.21,28,13,0.46,14.19,-0.08,0.01,-0.61,-0.06
8480878,25,Nils Lundkvist,Dallas Stars,Defenseman,3,0.12,5,0.2,46,1.84,25,8,0.32,17.15,0.05,-0.06,0.41,-0.02
8481641,25,Joel Kiviranta,Dallas Stars,Left Wing,4,0.14,0,0.0,38,1.36,28,4,0.14,12.2,-0.09,-0.31,-0.59,-0.4
8482740,25,Wyatt Johnston,Dallas Stars,Center,7,0.25,5,0.18,52,1.86,28,12,0.43,14.15,0.03,-0.13,0.04,-0.09
8477962,26,Brendan Lemieux,Los Angeles Kings,Left Wing,0,0.0,3,0.2,15,1.0,15,3,0.2,9.27,-0.23,-0.11,-0.95,-0.34
8471303,26,Alexander Edler,Los Angeles Kings,Defenseman,1,0.04,5,0.19,25,0.96,26,6,0.23,14.59,-0.03,-0.07,-0.47,-0.11
8471685,26,Anze Kopitar,Los Angeles Kings,Center,8,0.27,17,0.57,57,1.9,30,25,0.83,19.58,0.05,0.26,0.08,0.31
8474563,26,Drew Doughty,Los Angeles Kings,Defenseman,1,0.03,16,0.53,52,1.73,30,17,0.57,26.19,-0.04,0.27,0.3,0.23
8476479,26,Phillip Danault,Los Angeles Kings,Center,7,0.23,13,0.43,53,1.77,30,20,0.67,18.13,0.01,0.12,-0.05,0.15
8477942,26,Kevin Fiala,Los Angeles Kings,Left Wing,9,0.3,22,0.73,78,2.6,30,31,1.03,17.21,0.07,0.42,0.65,0.49
8477960,26,Adrian Kempe,Los Angeles Kings,Right Wing,9,0.3,8,0.27,79,2.63,30,17,0.57,18.4,0.07,-0.04,0.68,0.03
8478042,26,Viktor Arvidsson,Los Angeles Kings,Right Wing,8,0.29,14,0.5,66,2.36,28,22,0.79,16.35,0.06,0.19,0.41,0.25
8478911,26,Matt Roy,Los Angeles Kings,Defenseman,4,0.13,8,0.27,54,1.8,30,12,0.4,18.11,0.06,0.01,0.37,0.06
8479336,26,Carl Grundstrom,Los Angeles Kings,Right Wing,6,0.21,3,0.1,48,1.66,29,9,0.31,11.59,-0.02,-0.21,-0.29,-0.23
8479675,26,Trevor Moore,Los Angeles Kings,Left Wing,7,0.23,11,0.37,96,3.2,30,18,0.6,17.46,0.0,0.06,1.25,0.06
8479994,26,Jaret Anderson-Dolan,Los Angeles Kings,Center,1,0.07,2,0.13,20,1.33,15,3,0.2,10.29,-0.15,-0.18,-0.49,-0.32
8479998,26,Mikey Anderson,Los Angeles Kings,Defenseman,2,0.07,5,0.17,34,1.13,30,7,0.23,21.32,-0.0,-0.09,-0.3,-0.11
8480014,26,Gabriel Vilardi,Los Angeles Kings,Right Wing,13,0.45,6,0.21,60,2.07,29,19,0.66,16.05,0.22,-0.1,0.12,0.12
8480336,26,Sean Walker,Los Angeles Kings,Defenseman,1,0.04,4,0.16,33,1.32,25,5,0.2,14.45,-0.03,-0.1,-0.11,-0.14
8480434,26,Sean Durzi,Los Angeles Kings,Defenseman,4,0.15,14,0.52,36,1.33,27,18,0.67,20.01,0.08,0.26,-0.1,0.33
8481481,26,Blake Lizotte,Los Angeles Kings,Center,5,0.17,6,0.2,44,1.47,30,11,0.37,11.27,-0.05,-0.11,-0.35,-0.15
8481560,26,Arthur Kaliyev,Los Angeles Kings,Right Wing,9,0.31,8,0.28,69,2.38,29,17,0.59,11.49,0.08,-0.03,0.43,0.05
8476442,28,Matt Nieto,San Jose Sharks,Left Wing,6,0.21,5,0.18,47,1.68,28,11,0.39,15.24,-0.02,-0.13,-0.27,-0.15
8479983,28,Mario Ferraro,San Jose Sharks,Defenseman,1,0.04,4,0.17,24,1.04,23,5,0.22,22.49,-0.03,-0.09,-0.39,-0.12
8471709,28,Marc-Edouard Vlasic,San Jose Sharks,Defenseman,0,0.0,8,0.27,27,0.9,30,8,0.27,18.22,-0.07,0.01,-0.53,-0.07
8474009,28,Nick Bonino,San Jose Sharks,Center,3,0.11,3,0.11,33,1.22,27,6,0.22,15.32,-0.11,-0.2,-0.6,-0.3
8474053,28,Logan Couture,San Jose Sharks,Center,14,0.47,12,0.4,72,2.4,30,26,0.87,18.27,0.25,0.09,0.58,0.35
8474578,28,Erik Karlsson,San Jose Sharks,Defenseman,12,0.4,25,0.83,89,2.97,30,37,1.23,25.06,0.33,0.57,1.54,0.89
8476881,28,Tomas Hertl,San Jose Sharks,Center,9,0.3,20,0.67,70,2.33,30,29,0.97,19.4,0.08,0.36,0.51,0.45
8476988,28,Matt Benning,San Jose Sharks,Defenseman,1,0.03,12,0.4,22,0.73,30,13,0.43,19.13,-0.04,0.14,-0.7,0.09
8477034,28,Jaycob Megna,San Jose Sharks,Defenseman,0,0.0,8,0.29,26,0.93,28,8,0.29,18.15,-0.07,0.03,-0.5,-0.05
8478067,28,Oskar Lindblom,San Jose Sharks,Left Wing,1,0.03,4,0.14,27,0.93,29,5,0.17,9.57,-0.2,-0.17,-1.02,-0.37
8478099,28,Kevin Labanc,San Jose Sharks,Right Wing,6,0.21,11,0.38,55,1.9,29,17,0.59,15.3,-0.02,0.07,-0.05,0.05
8478414,28,Timo Meier,San Jose Sharks,Right Wing,14,0.47,13,0.43,137,4.57,30,27,0.9,19.58,0.24,0.12,2.62,0.36
8478904,28,Steven Lorentz,San Jose Sharks,Center,3,0.11,3,0.11,41,1.46,28,6,0.21,11.12,-0.11,-0.2,-0.36,-0.31
8479316,28,Luke Kunin,San Jose Sharks,Center,5,0.17,8,0.27,58,1.93,30,13,0.43,15.55,-0.05,-0.04,0.11,-0.09
8479393,28,Noah Gregor,San Jose Sharks,Center,1,0.08,0,0.0,23,1.77,13,1,0.08,12.04,-0.14,-0.31,-0.05,-0.44
8479981,28,Jonah Gadjovich,San Jose Sharks,Left Wing,1,0.07,0,0.0,10,0.71,14,1,0.07,8.35,-0.16,-0.31,-1.24,-0.47
8480160,28,Radim Simek,San Jose Sharks,Defenseman,1,0.04,0,0.0,26,1.04,25,1,0.04,14.57,-0.03,-0.26,-0.39,-0.3
8481477,28,Nico Sturm,San Jose Sharks,Center,7,0.32,2,0.09,36,1.64,22,9,0.41,14.34,0.1,-0.22,-0.18,-0.11
8482222,28,Alexander Barabanov,San Jose Sharks,Left Wing,3,0.12,16,0.62,51,1.96,26,19,0.73,17.37,-0.11,0.31,0.01,0.19
8474161,29,Jakub Voracek,Columbus Blue Jackets,Right Wing,1,0.09,5,0.45,17,1.55,11,6,0.55,15.57,-0.14,0.14,-0.4,0.01
8478460,29,Zach Werenski,Columbus Blue Jackets,Defenseman,3,0.23,5,0.38,41,3.15,13,8,0.62,23.35,0.16,0.12,1.72,0.28
8479402,29,Jake Bean,Columbus Blue Jackets,Defenseman,1,0.07,5,0.36,16,1.14,14,6,0.43,15.42,-0.0,0.1,-0.29,0.09
8474679,29,Gustav Nyquist,Columbus Blue Jackets,Left Wing,6,0.23,7,0.27,48,1.85,26,13,0.5,17.25,0.0,-0.04,-0.1,-0.04
8475790,29,Erik Gudbranson,Columbus Blue Jackets,Defenseman,1,0.04,5,0.2,32,1.28,25,6,0.24,20.08,-0.03,-0.06,-0.15,-0.1
8476346,29,Johnny Gaudreau,Columbus Blue Jackets,Left Wing,9,0.35,19,0.73,77,2.96,26,28,1.08,19.58,0.12,0.42,1.01,0.54
8476374,29,Sean Kuraly,Columbus Blue Jackets,Center,7,0.29,3,0.12,39,1.62,24,10,0.42,13.51,0.07,-0.19,-0.2,-0.1
8476432,29,Boone Jenner,Columbus Blue Jackets,Center,9,0.35,11,0.42,85,3.27,26,20,0.77,20.18,0.13,0.11,1.45,0.25
8478458,29,Jack Roslovic,Columbus Blue Jackets,Center,1,0.04,9,0.39,36,1.57,23,10,0.43,15.51,-0.18,0.08,-0.25,-0.09
8478882,29,Vladislav Gavrikov,Columbus Blue Jackets,Defenseman,2,0.08,5,0.19,32,1.23,26,7,0.27,22.41,0.01,-0.07,-0.2,-0.07
8479339,29,Patrik Laine,Columbus Blue Jackets,Left Wing,7,0.54,3,0.23,52,4.0,13,10,0.77,19.55,0.31,-0.08,2.05,0.23
8479369,29,Andrew Peeke,Columbus Blue Jackets,Defenseman,2,0.08,2,0.08,24,0.92,26,4,0.15,20.42,0.01,-0.18,-0.51,-0.19
8479671,29,Mathieu Olivier,Columbus Blue Jackets,Right Wing,2,0.1,3,0.14,25,1.19,21,5,0.24,10.58,-0.13,-0.17,-0.76,-0.3
8479945,29,Gavin Bayreuther,Columbus Blue Jackets,Defenseman,0,0.0,1,0.08,13,1.08,12,1,0.08,15.04,-0.07,-0.18,-0.35,-0.26
8480762,29,Eric Robinson,Columbus Blue Jackets,Left Wing,3,0.12,5,0.2,31,1.24,25,8,0.32,13.56,-0.11,-0.11,-0.71,-0.22
8480853,29,Liam Foudy,Columbus Blue Jackets,Center,0,0.0,3,0.21,7,0.5,14,3,0.21,10.49,-0.22,-0.1,-1.32,-0.31
8482475,29,Yegor Chinakhov,Columbus Blue Jackets,Right Wing,4,0.16,9,0.36,37,1.48,25,13,0.52,13.24,-0.07,0.05,-0.47,-0.02
8482660,29,Kent Johnson,Columbus Blue Jackets,Center,6,0.26,7,0.3,29,1.26,23,13,0.57,12.58,0.04,-0.01,-0.56,0.05
8482705,29,Cole Sillinger,Columbus Blue Jackets,Center,2,0.08,3,0.12,37,1.42,26,5,0.19,12.52,-0.14,-0.19,-0.4,-0.33
8483620,29,Marcus Bjork,Columbus Blue Jackets,Defenseman,2,0.15,4,0.31,14,1.08,13,6,0.46,19.2,0.08,0.05,-0.35,0.12
8479520,30,Brandon Duhaime,Minnesota Wild,Right Wing,3,0.21,1,0.07,21,1.5,14,4,0.29,9.28,-0.02,-0.24,-0.45,-0.25
8471274,30,Alex Goligoski,Minnesota Wild,Defenseman,1,0.07,2,0.14,22,1.57,14,3,0.21,17.33,-0.0,-0.12,0.14,-0.13
8471817,30,Ryan Reaves,Minnesota Wild,Right Wing,0,0.0,3,0.15,8,0.4,20,3,0.15,9.18,-0.23,-0.16,-1.55,-0.39
8474716,30,Jared Spurgeon,Minnesota Wild,Defenseman,2,0.07,9,0.33,51,1.89,27,11,0.41,21.13,-0.0,0.07,0.46,0.07
8475220,30,Marcus Foligno,Minnesota Wild,Left Wing,3,0.14,5,0.23,29,1.32,22,8,0.36,14.41,-0.09,-0.08,-0.63,-0.18
8475692,30,Mats Zuccarello,Minnesota Wild,Right Wing,9,0.33,19,0.7,75,2.78,27,28,1.04,20.3,0.1,0.39,0.83,0.5
8475750,30,Jon Merrill,Minnesota Wild,Defenseman,1,0.04,5,0.22,20,0.87,23,6,0.26,16.1,-0.03,-0.04,-0.56,-0.08
8476463,30,Jonas Brodin,Minnesota Wild,Defenseman,0,0.0,4,0.19,30,1.43,21,4,0.19,22.06,-0.07,-0.07,-0.0,-0.15
8476856,30,Matt Dumba,Minnesota Wild,Defenseman,2,0.07,6,0.22,34,1.26,27,8,0.3,20.59,-0.0,-0.04,-0.17,-0.04
8477919,30,Frederick Gaudreau,Minnesota Wild,Center,4,0.15,5,0.19,54,2.0,27,9,0.33,16.36,-0.07,-0.12,0.18,-0.19
8478136,30,Jake Middleton,Minnesota Wild,Defenseman,2,0.07,4,0.15,27,1.0,27,6,0.22,18.16,-0.0,-0.11,-0.43,-0.12
8478413,30,Jordan Greenway,Minnesota Wild,Left Wing,1,0.09,1,0.09,18,1.64,11,2,0.18,13.31,-0.14,-0.22,-0.31,-0.36
8478493,30,Joel Eriksson Ek,Minnesota Wild,Center,10,0.37,13,0.48,87,3.22,27,23,0.85,19.34,0.15,0.17,1.4,0.33
8478864,30,Kirill Kaprizov,Minnesota Wild,Left Wing,17,0.63,17,0.63,115,4.26,27,34,1.26,21.03,0.4,0.32,2.31,0.72
8479351,30,Sam Steel,Minnesota Wild,Center,6,0.22,2,0.07,35,1.3,27,8,0.3,13.07,0.0,-0.24,-0.52,-0.22
8479972,30,Mason Shaw,Minnesota Wild,Center,4,0.18,6,0.27,42,1.91,22,10,0.45,11.48,-0.04,-0.04,0.09,-0.07
8480884,30,Calen Addison,Minnesota Wild,Defenseman,2,0.08,13,0.5,31,1.19,26,15,0.58,16.45,0.01,0.24,-0.24,0.24
8480980,30,Connor Dewar,Minnesota Wild,Center,4,0.15,6,0.23,32,1.23,26,10,0.38,11.1,-0.07,-0.08,-0.59,-0.14
8481557,30,Matt Boldy,Minnesota Wild,Left Wing,10,0.37,9,0.33,80,2.96,27,19,0.7,18.28,0.14,0.02,1.01,0.16
8477357,52,Saku Maenalanen,Winnipeg Jets,Right Wing,4,0.16,2,0.08,30,1.2,25,6,0.24,11.3,-0.07,-0.23,-0.75,-0.3
8478891,52,Mason Appleton,Winnipeg Jets,Center,1,0.07,5,0.36,23,1.64,14,6,0.43,16.34,-0.15,0.05,-0.18,-0.09
8471218,52,Blake Wheeler,Winnipeg Jets,Right Wing,9,0.35,16,0.62,58,2.23,26,25,0.96,17.42,0.12,0.31,0.28,0.42
8474040,52,Sam Gagner,Winnipeg Jets,Center,3,0.13,4,0.17,42,1.83,23,7,0.3,13.22,-0.09,-0.14,0.01,-0.22
8475455,52,Brenden Dillon,Winnipeg Jets,Defenseman,0,0.0,5,0.19,34,1.31,26,5,0.19,19.43,-0.07,-0.07,-0.12,-0.15
8476331,52,Dylan DeMelo,Winnipeg Jets,Defenseman,0,0.0,6,0.27,23,1.05,22,6,0.27,18.17,-0.07,0.01,-0.38,-0.07
8476392,52,Adam Lowry,Winnipeg Jets,Center,6,0.23,10,0.38,45,1.73,26,16,0.62,15.12,0.01,0.07,-0.09,0.1
8476460,52,Mark Scheifele,Winnipeg Jets,Center,15,0.58,8,0.31,70,2.69,26,23,0.88,21.01,0.36,0.0,0.87,0.36
8477220,52,Nate Schmidt,Winnipeg Jets,Defenseman,3,0.12,3,0.12,33,1.27,26,6,0.23,20.31,0.05,-0.14,-0.16,-0.11
8477504,52,Josh Morrissey,Winnipeg Jets,Defenseman,5,0.19,25,0.96,42,1.62,26,30,1.15,23.13,0.12,0.7,0.19,0.81
8478398,52,Kyle Connor,Winnipeg Jets,Left Wing,11,0.42,17,0.65,90,3.46,26,28,1.08,20.15,0.19,0.34,1.51,0.54
8478424,52,Jansen Harkins,Winnipeg Jets,Center,2,0.18,2,0.18,10,0.91,11,4,0.36,10.24,-0.04,-0.13,-0.91,-0.16
8479400,52,Pierre-Luc Dubois,Winnipeg Jets,Left Wing,13,0.5,15,0.58,70,2.69,26,28,1.08,17.57,0.27,0.27,0.74,0.54
8479536,52,Axel Jonsson-Fjallby,Winnipeg Jets,Left Wing,1,0.04,1,0.04,27,1.17,23,2,0.09,11.01,-0.19,-0.27,-0.78,-0.45
8479591,52,Michael Eyssimont,Winnipeg Jets,Center,1,0.08,3,0.23,19,1.46,13,4,0.31,9.45,-0.14,-0.08,-0.36,-0.21
8480049,52,Dylan Samberg,Winnipeg Jets,Defenseman,1,0.06,2,0.11,16,0.89,18,3,0.17,15.1,-0.01,-0.15,-0.54,-0.17
8480145,52,Neal Pionk,Winnipeg Jets,Defenseman,4,0.15,9,0.35,46,1.77,26,13,0.5,21.38,0.08,0.09,0.34,0.16
8480289,52,Morgan Barron,Winnipeg Jets,Center,2,0.12,5,0.31,28,1.75,16,7,0.44,14.04,-0.1,0.0,-0.07,-0.08
8481019,52,David Gustafsson,Winnipeg Jets,Center,0,0.0,3,0.12,24,0.96,25,3,0.12,10.13,-0.22,-0.19,-0.86,-0.4
8482149,52,Cole Perfetti,Winnipeg Jets,Center,6,0.23,12,0.46,50,1.92,26,18,0.69,15.02,0.01,0.15,0.1,0.17
8482699,53,Dylan Guenther,Arizona Coyotes,Right Wing,3,0.14,8,0.38,26,1.24,21,11,0.52,12.2,-0.09,0.07,-0.71,-0.02
8475178,53,Zack Kassian,Arizona Coyotes,Right Wing,1,0.08,0,0.0,9,0.69,13,1,0.08,10.19,-0.15,-0.31,-1.26,-0.46
8475747,53,Patrik Nemeth,Arizona Coyotes,Defenseman,0,0.0,2,0.1,14,0.7,20,2,0.1,16.36,-0.07,-0.16,-0.73,-0.24
8475760,53,Nick Bjugstad,Arizona Coyotes,Center,5,0.2,5,0.2,39,1.56,25,10,0.4,16.06,-0.02,-0.11,-0.26,-0.12
8476329,53,Travis Boyd,Arizona Coyotes,Center,2,0.08,8,0.32,22,0.88,25,10,0.4,17.1,-0.14,0.01,-0.94,-0.12
8476906,53,Shayne Gostisbehere,Arizona Coyotes,Defenseman,6,0.24,14,0.56,52,2.08,25,20,0.8,21.35,0.17,0.3,0.65,0.46
8477070,53,Liam O'Brien,Arizona Coyotes,Center,1,0.04,3,0.12,14,0.56,25,4,0.16,11.59,-0.18,-0.19,-1.26,-0.36
8477384,53,Josh Brown,Arizona Coyotes,Defenseman,3,0.14,1,0.05,25,1.19,21,4,0.19,18.27,0.07,-0.21,-0.24,-0.15
8477941,53,Nick Ritchie,Arizona Coyotes,Left Wing,6,0.27,4,0.18,27,1.23,22,10,0.45,13.44,0.04,-0.13,-0.72,-0.09
8477951,53,Nick Schmaltz,Arizona Coyotes,Center,4,0.4,1,0.1,21,2.1,10,5,0.5,17.21,0.18,-0.21,0.28,-0.02
8478062,53,Dysin Mayo,Arizona Coyotes,Defenseman,0,0.0,0,0.0,6,0.46,13,0,0.0,11.57,-0.07,-0.26,-0.97,-0.34
8478432,53,Christian Fischer,Arizona Coyotes,Right Wing,5,0.2,5,0.2,40,1.6,25,10,0.4,15.31,-0.03,-0.11,-0.35,-0.14
8478474,53,Lawson Crouse,Arizona Coyotes,Left Wing,12,0.5,3,0.12,45,1.88,24,15,0.62,17.26,0.27,-0.19,-0.07,0.08
8479343,53,Clayton Keller,Arizona Coyotes,Right Wing,7,0.28,16,0.64,47,1.88,25,23,0.92,19.39,0.05,0.33,-0.07,0.38
8479442,53,Troy Stecher,Arizona Coyotes,Defenseman,0,0.0,2,0.08,31,1.24,25,2,0.08,17.05,-0.07,-0.18,-0.19,-0.26
8479976,53,Juuso Valimaki,Arizona Coyotes,Defenseman,1,0.05,5,0.24,17,0.81,21,6,0.29,16.23,-0.02,-0.02,-0.62,-0.05
8480849,53,Barrett Hayton,Arizona Coyotes,Center,0,0.0,3,0.12,38,1.52,25,3,0.12,14.55,-0.22,-0.19,-0.3,-0.4
8480855,53,Jack McBain,Arizona Coyotes,Center,3,0.12,2,0.08,24,0.96,25,5,0.2,13.35,-0.1,-0.23,-0.86,-0.32
8481711,53,Matias Maccelli,Arizona Coyotes,Left Wing,2,0.09,17,0.74,18,0.78,23,19,0.83,15.13,-0.14,0.43,-1.17,0.29
8482655,53,J.J. Moser,Arizona Coyotes,Defenseman,3,0.12,10,0.4,30,1.2,25,13,0.52,22.5,0.05,0.14,-0.23,0.18
8479353,54,Brett Howden,Vegas Golden Knights,Center,1,0.05,2,0.1,21,1.0,21,3,0.14,13.05,-0.17,-0.21,-0.82,-0.38
8473548,54,Phil Kessel,Vegas Golden Knights,Center,5,0.17,6,0.21,49,1.69,29,11,0.38,12.23,-0.05,-0.1,-0.13,-0.14
8474166,54,Alec Martinez,Vegas Golden Knights,Defenseman,0,0.0,4,0.14,23,0.79,29,4,0.14,19.54,-0.07,-0.12,-0.64,-0.2
8475188,54,Brayden McNabb,Vegas Golden Knights,Defenseman,0,0.0,9,0.31,40,1.38,29,9,0.31,20.06,-0.07,0.05,-0.05,-0.03
8475191,54,Reilly Smith,Vegas Golden Knights,Right Wing,12,0.41,6,0.21,68,2.34,29,18,0.62,16.46,0.18,-0.1,0.39,0.08
8475913,54,Mark Stone,Vegas Golden Knights,Right Wing,9,0.31,12,0.41,73,2.52,29,21,0.72,19.23,0.08,0.1,0.57,0.18
8476448,54,William Karlsson,Vegas Golden Knights,Center,6,0.21,12,0.41,61,2.1,29,18,0.62,17.35,-0.01,0.1,0.28,0.1
8476539,54,Jonathan Marchessault,Vegas Golden Knights,Center,12,0.41,10,0.34,99,3.41,29,22,0.76,16.32,0.19,0.03,1.59,0.24
8476905,54,Chandler Stephenson,Vegas Golden Knights,Center,6,0.21,16,0.55,50,1.72,29,22,0.76,19.37,-0.01,0.24,-0.1,0.24
8477447,54,Shea Theodore,Vegas Golden Knights,Defenseman,4,0.14,18,0.62,74,2.55,29,22,0.76,21.5,0.07,0.36,1.12,0.42
8477478,54,William Carrier,Vegas Golden Knights,Left Wing,9,0.32,3,0.11,63,2.25,28,12,0.43,12.01,0.09,-0.2,0.3,-0.11
8478020,54,Michael Amadio,Vegas Golden Knights,Center,1,0.07,1,0.07,15,1.0,15,2,0.13,9.4,-0.15,-0.24,-0.82,-0.39
8478403,54,Jack Eichel,Vegas Golden Knights,Center,13,0.48,16,0.59,100,3.7,27,29,1.07,18.49,0.26,0.28,1.88,0.55
8478434,54,Keegan Kolesar,Vegas Golden Knights,Right Wing,3,0.11,1,0.04,20,0.74,27,4,0.15,11.29,-0.12,-0.27,-1.21,-0.39
8478462,54,Nicolas Roy,Vegas Golden Knights,Center,5,0.19,8,0.31,32,1.23,26,13,0.5,15.24,-0.03,0.0,-0.59,-0.02
8479980,54,Nicolas Hague,Vegas Golden Knights,Defenseman,1,0.04,4,0.14,34,1.21,28,5,0.18,16.23,-0.03,-0.12,-0.22,-0.16
8479991,54,Jake Leschyshyn,Vegas Golden Knights,Center,0,0.0,0,0.0,10,1.0,10,0,0.0,10.06,-0.22,-0.31,-0.82,-0.52
8480727,54,Zach Whitecloud,Vegas Golden Knights,Defenseman,1,0.03,5,0.17,26,0.9,29,6,0.21,16.55,-0.04,-0.09,-0.53,-0.13
8481032,54,Paul Cotter,Vegas Golden Knights,Center,4,0.21,2,0.11,26,1.37,19,6,0.32,11.13,-0.01,-0.2,-0.45,-0.2
8474586,55,Jordan Eberle,Seattle Kraken,Right Wing,6,0.23,16,0.62,52,2.0,26,22,0.85,16.14,0.0,0.31,0.05,0.31
8474602,55,Justin Schultz,Seattle Kraken,Defenseman,3,0.12,13,0.5,42,1.62,26,16,0.62,18.28,0.05,0.24,0.19,0.28
8475768,55,Jaden Schwartz,Seattle Kraken,Center,8,0.32,7,0.28,54,2.16,25,15,0.6,18.05,0.1,-0.03,0.34,0.08
8476457,55,Adam Larsson,Seattle Kraken,Defenseman,3,0.12,5,0.19,41,1.58,26,8,0.31,23.49,0.05,-0.07,0.15,-0.03
8476467,55,Jamie Oleksiak,Seattle Kraken,Defenseman,4,0.18,3,0.14,13,0.59,22,7,0.32,18.43,0.11,-0.12,-0.84,-0.02
8476826,55,Yanni Gourde,Seattle Kraken,Center,3,0.12,11,0.44,45,1.8,25,14,0.56,16.52,-0.1,0.13,-0.02,0.04
8477369,55,Carson Soucy,Seattle Kraken,Defenseman,1,0.04,4,0.15,28,1.08,26,5,0.19,16.37,-0.03,-0.11,-0.35,-0.15
8477416,55,Oliver Bjorkstrand,Seattle Kraken,Right Wing,3,0.12,10,0.38,65,2.5,26,13,0.5,15.2,-0.11,0.07,0.55,-0.04
8477444,55,Andre Burakovsky,Seattle Kraken,Left Wing,9,0.35,17,0.65,69,2.65,26,26,1.0,17.35,0.12,0.34,0.7,0.46
8477505,55,Alex Wennberg,Seattle Kraken,Center,5,0.19,7,0.27,37,1.42,26,12,0.46,19.34,-0.03,-0.04,-0.4,-0.06
8477955,55,Jared McCann,Seattle Kraken,Left Wing,12,0.52,5,0.22,51,2.22,23,17,0.74,15.3,0.29,-0.09,0.27,0.2
8477987,55,Ryan Donato,Seattle Kraken,Center,3,0.14,3,0.14,32,1.45,22,6,0.27,10.21,-0.08,-0.17,-0.37,-0.25
8478407,55,Vince Dunn,Seattle Kraken,Defenseman,4,0.15,12,0.46,40,1.54,26,16,0.62,23.21,0.08,0.2,0.11,0.28
8478466,55,Daniel Sprong,Seattle Kraken,Right Wing,5,0.26,9,0.47,37,1.95,19,14,0.74,10.21,0.03,0.16,0.0,0.2
8478840,55,Will Borgen,Seattle Kraken,Defenseman,2,0.08,4,0.15,21,0.81,26,6,0.23,15.4,0.01,-0.11,-0.62,-0.11
8479293,55,Brandon Tanev,Seattle Kraken,Left Wing,4,0.15,7,0.27,41,1.58,26,11,0.42,15.19,-0.08,-0.04,-0.37,-0.12
8479987,55,Morgan Geekie,Seattle Kraken,Center,4,0.2,6,0.3,18,0.9,20,10,0.5,9.51,-0.02,-0.01,-0.92,-0.02
8480901,55,Karson Kuhlman,Seattle Kraken,Center,1,0.07,2,0.14,13,0.93,14,3,0.21,9.42,-0.15,-0.17,-0.89,-0.31
8482665,55,Matty Beniers,Seattle Kraken,Center,10,0.38,11,0.42,51,1.96,26,21,0.81,17.17,0.16,0.11,0.14,0.29
