id,currentteamid,playername,currentteam,position,lastupdated,goals,assists,pim,shots,games,hits,powerplaygoals,powerplaypoints,faceoffpct,blocked,plusminus,points,timeonicepergame
8474090,1,Brendan Smith,New Jersey Devils,Defenseman,"10/27/2022, 19:12:25",0.0,0.0,15.0,5.0,7.0,13.0,0.0,0.0,0.0,8.0,-3.0,0.0,12.19
8475193,1,Tomas Tatar,New Jersey Devils,Left Wing,"10/27/2022, 19:12:25",1.0,1.0,6.0,21.0,7.0,9.0,0.0,0.0,44.44,5.0,-1.0,2.0,14.4
8475287,1,Erik Haula,New Jersey Devils,Left Wing,"10/27/2022, 19:12:25",0.0,2.0,2.0,24.0,7.0,10.0,0.0,0.0,63.16,6.0,0.0,2.0,17.05
8476292,1,Ondrej Palat,New Jersey Devils,Left Wing,"10/27/2022, 19:12:26",3.0,0.0,0.0,8.0,6.0,12.0,0.0,0.0,0.0,4.0,-1.0,3.0,18.42
8476462,1,Dougie Hamilton,New Jersey Devils,Defenseman,"10/27/2022, 19:12:26",2.0,4.0,6.0,22.0,7.0,6.0,0.0,1.0,0.0,5.0,-1.0,6.0,21.23
8476923,1,Damon Severson,New Jersey Devils,Defenseman,"10/27/2022, 19:12:26",1.0,1.0,2.0,13.0,7.0,4.0,0.0,0.0,0.0,8.0,-4.0,2.0,19.29
8477425,1,Miles Wood,New Jersey Devils,Left Wing,"10/27/2022, 19:12:26",1.0,0.0,6.0,15.0,7.0,9.0,0.0,0.0,0.0,1.0,1.0,1.0,12.49
8477435,1,Ryan Graves,New Jersey Devils,Defenseman,"10/27/2022, 19:12:26",0.0,3.0,0.0,10.0,7.0,9.0,0.0,0.0,0.0,9.0,4.0,3.0,17.05
8478399,1,Jonas Siegenthaler,New Jersey Devils,Defenseman,"10/27/2022, 19:12:26",0.0,2.0,2.0,7.0,7.0,7.0,0.0,0.0,0.0,10.0,1.0,2.0,20.36
8478507,1,John Marino,New Jersey Devils,Defenseman,"10/27/2022, 19:12:26",0.0,3.0,2.0,9.0,7.0,7.0,0.0,0.0,0.0,5.0,4.0,3.0,21.03
8479407,1,Jesper Bratt,New Jersey Devils,Left Wing,"10/27/2022, 19:12:27",3.0,9.0,2.0,21.0,7.0,0.0,1.0,3.0,0.0,1.0,5.0,12.0,17.24
8479414,1,Nathan Bastian,New Jersey Devils,Right Wing,"10/27/2022, 19:12:27",1.0,0.0,2.0,10.0,6.0,18.0,0.0,0.0,50.0,1.0,-1.0,1.0,11.0
8479415,1,Michael McLeod,New Jersey Devils,Center,"10/27/2022, 19:12:27",0.0,2.0,0.0,6.0,7.0,10.0,0.0,0.0,52.86,1.0,0.0,2.0,9.53
8480002,1,Nico Hischier,New Jersey Devils,Center,"10/27/2022, 19:12:27",3.0,4.0,2.0,20.0,6.0,6.0,0.0,1.0,61.9,3.0,2.0,7.0,19.04
8480003,1,Jesper Boqvist,New Jersey Devils,Center,"10/27/2022, 19:12:27",0.0,0.0,0.0,1.0,1.0,2.0,0.0,0.0,60.0,2.0,-1.0,0.0,10.59
8480188,1,Fabian Zetterlund,New Jersey Devils,Left Wing,"10/27/2022, 19:12:27",0.0,1.0,0.0,8.0,2.0,3.0,0.0,0.0,0.0,0.0,2.0,1.0,11.4
8480860,1,Kevin Bahl,New Jersey Devils,Defenseman,"10/27/2022, 19:12:27",0.0,0.0,2.0,3.0,3.0,3.0,0.0,0.0,0.0,6.0,0.0,0.0,10.27
8481068,1,Yegor Sharangovich,New Jersey Devils,Center,"10/27/2022, 19:12:28",2.0,2.0,0.0,17.0,7.0,3.0,0.0,0.0,33.33,8.0,0.0,4.0,16.0
8481559,1,Jack Hughes,New Jersey Devils,Center,"10/27/2022, 19:12:28",2.0,3.0,0.0,31.0,7.0,1.0,0.0,1.0,35.85,1.0,-1.0,5.0,20.07
8482110,1,Dawson Mercer,New Jersey Devils,Center,"10/27/2022, 19:12:28",3.0,1.0,6.0,21.0,7.0,4.0,1.0,2.0,42.86,4.0,-4.0,4.0,16.07
8482125,1,Alexander Holtz,New Jersey Devils,Right Wing,"10/27/2022, 19:12:28",1.0,0.0,2.0,6.0,4.0,2.0,1.0,1.0,0.0,1.0,-2.0,1.0,10.35
8470610,2,Zach Parise,New York Islanders,Left Wing,"10/27/2022, 19:12:28",1.0,1.0,0.0,15.0,7.0,5.0,0.0,0.0,33.33,7.0,3.0,2.0,16.02
8473504,2,Cal Clutterbuck,New York Islanders,Right Wing,"10/27/2022, 19:12:28",1.0,0.0,4.0,6.0,6.0,31.0,0.0,0.0,0.0,3.0,2.0,1.0,11.51
8474573,2,Josh Bailey,New York Islanders,Right Wing,"10/27/2022, 19:12:29",1.0,0.0,0.0,11.0,6.0,1.0,0.0,0.0,20.0,2.0,1.0,1.0,14.36
8474709,2,Matt Martin,New York Islanders,Left Wing,"10/27/2022, 19:12:29",1.0,2.0,2.0,5.0,7.0,25.0,0.0,0.0,33.33,2.0,2.0,3.0,9.54
8475151,2,Kyle Palmieri,New York Islanders,Center,"10/27/2022, 19:12:29",2.0,1.0,2.0,13.0,7.0,11.0,0.0,0.0,37.5,2.0,-2.0,3.0,16.56
8475231,2,Casey Cizikas,New York Islanders,Center,"10/27/2022, 19:12:29",0.0,0.0,0.0,6.0,7.0,27.0,0.0,0.0,55.29,10.0,2.0,0.0,13.24
8475314,2,Anders Lee,New York Islanders,Left Wing,"10/27/2022, 19:12:29",4.0,3.0,14.0,21.0,7.0,14.0,2.0,2.0,55.56,7.0,0.0,7.0,17.01
8475754,2,Brock Nelson,New York Islanders,Center,"10/27/2022, 19:12:29",0.0,6.0,6.0,18.0,7.0,5.0,0.0,2.0,49.58,6.0,0.0,6.0,18.06
8476419,2,Jean-Gabriel Pageau,New York Islanders,Center,"10/27/2022, 19:12:29",0.0,4.0,2.0,9.0,7.0,24.0,0.0,0.0,57.5,6.0,-1.0,4.0,16.51
8476429,2,Scott Mayfield,New York Islanders,Defenseman,"10/27/2022, 19:12:29",2.0,0.0,2.0,12.0,7.0,7.0,0.0,0.0,0.0,11.0,0.0,2.0,17.46
8476917,2,Adam Pelech,New York Islanders,Defenseman,"10/27/2022, 19:12:30",0.0,4.0,8.0,8.0,7.0,14.0,0.0,0.0,0.0,10.0,1.0,4.0,20.43
8477506,2,Ryan Pulock,New York Islanders,Defenseman,"10/27/2022, 19:12:30",1.0,2.0,0.0,13.0,7.0,14.0,0.0,0.0,0.0,10.0,5.0,3.0,20.0
8477527,2,Ross Johnston,New York Islanders,Left Wing,"10/27/2022, 19:12:30",0.0,0.0,2.0,0.0,1.0,3.0,0.0,0.0,0.0,1.0,-1.0,0.0,10.31
8478373,2,Nikita Soshnikov,New York Islanders,Right Wing,"10/27/2022, 19:12:30",0.0,0.0,0.0,2.0,2.0,6.0,0.0,0.0,0.0,0.0,-2.0,0.0,10.46
8478445,2,Mathew Barzal,New York Islanders,Center,"10/27/2022, 19:12:30",0.0,7.0,4.0,18.0,7.0,3.0,0.0,3.0,32.65,2.0,-3.0,7.0,18.14
8478463,2,Anthony Beauvillier,New York Islanders,Left Wing,"10/27/2022, 19:12:30",2.0,1.0,0.0,13.0,6.0,7.0,0.0,0.0,0.0,2.0,-2.0,3.0,16.24
8480071,2,Robin Salo,New York Islanders,Defenseman,"10/27/2022, 19:12:31",2.0,0.0,4.0,4.0,4.0,1.0,0.0,0.0,0.0,7.0,1.0,2.0,13.56
8480222,2,Sebastian Aho,New York Islanders,Defenseman,"10/27/2022, 19:12:31",0.0,0.0,0.0,1.0,3.0,1.0,0.0,0.0,0.0,2.0,-2.0,0.0,13.3
8480789,2,Oliver Wahlstrom,New York Islanders,Right Wing,"10/27/2022, 19:12:31",3.0,1.0,2.0,18.0,6.0,11.0,0.0,0.0,80.0,1.0,2.0,4.0,12.51
8480865,2,Noah Dobson,New York Islanders,Defenseman,"10/27/2022, 19:12:31",2.0,3.0,0.0,19.0,7.0,6.0,1.0,2.0,0.0,10.0,-3.0,5.0,21.11
8481014,2,Alexander Romanov,New York Islanders,Defenseman,"10/27/2022, 19:12:31",0.0,0.0,4.0,12.0,7.0,15.0,0.0,0.0,0.0,23.0,1.0,0.0,19.54
8471817,3,Ryan Reaves,New York Rangers,Right Wing,"10/27/2022, 19:12:31",0.0,0.0,5.0,2.0,8.0,25.0,0.0,0.0,0.0,4.0,-4.0,0.0,8.08
8475184,3,Chris Kreider,New York Rangers,Left Wing,"10/27/2022, 19:12:32",2.0,2.0,2.0,24.0,8.0,15.0,1.0,2.0,70.0,3.0,-2.0,4.0,20.06
8476389,3,Vincent Trocheck,New York Rangers,Center,"10/27/2022, 19:12:32",2.0,4.0,2.0,30.0,8.0,24.0,1.0,2.0,56.49,4.0,-4.0,6.0,20.42
8476459,3,Mika Zibanejad,New York Rangers,Center,"10/27/2022, 19:12:32",4.0,4.0,0.0,42.0,8.0,5.0,3.0,5.0,52.27,3.0,-3.0,8.0,21.21
8476624,3,Barclay Goodrow,New York Rangers,Center,"10/27/2022, 19:12:32",2.0,2.0,4.0,15.0,8.0,15.0,0.0,0.0,44.78,3.0,2.0,4.0,15.01
8476885,3,Jacob Trouba,New York Rangers,Defenseman,"10/27/2022, 19:12:32",0.0,3.0,6.0,25.0,8.0,29.0,0.0,0.0,0.0,21.0,2.0,3.0,22.16
8476918,3,Jimmy Vesey,New York Rangers,Left Wing,"10/27/2022, 19:12:32",0.0,1.0,0.0,9.0,7.0,8.0,0.0,0.0,20.0,4.0,1.0,1.0,11.42
8477846,3,Ryan Carpenter,New York Rangers,Center,"10/27/2022, 19:12:32",0.0,1.0,2.0,7.0,7.0,16.0,0.0,0.0,64.71,2.0,-4.0,1.0,9.19
8478104,3,Sammy Blais,New York Rangers,Left Wing,"10/27/2022, 19:12:33",0.0,1.0,2.0,4.0,5.0,18.0,0.0,0.0,0.0,0.0,1.0,1.0,11.24
8478550,3,Artemi Panarin,New York Rangers,Left Wing,"10/27/2022, 19:12:33",4.0,8.0,4.0,25.0,8.0,3.0,1.0,6.0,0.0,2.0,-4.0,12.0,20.45
8479323,3,Adam Fox,New York Rangers,Defenseman,"10/27/2022, 19:12:33",2.0,5.0,4.0,19.0,8.0,3.0,0.0,1.0,0.0,14.0,1.0,7.0,24.21
8479324,3,Ryan Lindgren,New York Rangers,Defenseman,"10/27/2022, 19:12:33",0.0,2.0,8.0,13.0,8.0,11.0,0.0,0.0,0.0,19.0,0.0,2.0,18.37
8479328,3,Julien Gauthier,New York Rangers,Right Wing,"10/27/2022, 19:12:33",0.0,0.0,0.0,2.0,1.0,0.0,0.0,0.0,100.0,1.0,0.0,0.0,10.44
8479333,3,Libor Hajek,New York Rangers,Defenseman,"10/27/2022, 19:12:33",0.0,0.0,0.0,4.0,3.0,5.0,0.0,0.0,0.0,1.0,-1.0,0.0,12.41
8480078,3,Filip Chytil,New York Rangers,Center,"10/27/2022, 19:12:34",2.0,1.0,6.0,9.0,6.0,6.0,0.0,0.0,51.02,5.0,3.0,3.0,12.25
8480817,3,K'Andre Miller,New York Rangers,Defenseman,"10/27/2022, 19:12:34",0.0,2.0,4.0,14.0,8.0,16.0,0.0,0.0,0.0,7.0,0.0,2.0,22.11
8480833,3,Vitali Kravtsov,New York Rangers,Right Wing,"10/27/2022, 19:12:34",0.0,0.0,0.0,0.0,3.0,3.0,0.0,0.0,0.0,1.0,2.0,0.0,7.54
8481554,3,Kaapo Kakko,New York Rangers,Right Wing,"10/27/2022, 19:12:34",2.0,0.0,2.0,15.0,8.0,6.0,0.0,0.0,0.0,8.0,-3.0,2.0,15.57
8481708,3,Zac Jones,New York Rangers,Defenseman,"10/27/2022, 19:12:34",0.0,0.0,2.0,7.0,5.0,0.0,0.0,0.0,0.0,2.0,-3.0,0.0,15.42
8482073,3,Braden Schneider,New York Rangers,Defenseman,"10/27/2022, 19:12:34",0.0,0.0,0.0,5.0,8.0,13.0,0.0,0.0,0.0,10.0,-4.0,0.0,13.53
8482109,3,Alexis Lafrenière,New York Rangers,Left Wing,"10/27/2022, 19:12:34",1.0,2.0,2.0,26.0,8.0,12.0,0.0,0.0,71.43,1.0,0.0,3.0,16.42
8474037,4,James van Riemsdyk,Philadelphia Flyers,Left Wing,"10/27/2022, 19:12:35",2.0,3.0,6.0,7.0,6.0,1.0,2.0,3.0,0.0,3.0,5.0,5.0,15.3
8475176,4,Ryan Ellis,Philadelphia Flyers,Defenseman,"10/27/2022, 19:12:35",,,,,,,,,,,,,
8476461,4,Sean Couturier,Philadelphia Flyers,Center,"10/27/2022, 19:12:35",,,,,,,,,,,,,
8474027,4,Justin Braun,Philadelphia Flyers,Defenseman,"10/27/2022, 19:12:35",0.0,0.0,7.0,4.0,6.0,4.0,0.0,0.0,0.0,5.0,-1.0,0.0,17.24
8474715,4,Cam Atkinson,Philadelphia Flyers,Right Wing,"10/27/2022, 19:12:35",,,,,,,,,,,,,
8475235,4,Nicolas Deslauriers,Philadelphia Flyers,Left Wing,"10/27/2022, 19:12:35",0.0,0.0,15.0,6.0,6.0,19.0,0.0,0.0,0.0,2.0,0.0,0.0,9.3
8475763,4,Kevin Hayes,Philadelphia Flyers,Center,"10/27/2022, 19:12:35",1.0,7.0,0.0,13.0,6.0,1.0,0.0,3.0,41.67,0.0,2.0,8.0,18.29
8476310,4,Lukas Sedlak,Philadelphia Flyers,Center,"10/27/2022, 19:12:35",0.0,0.0,0.0,6.0,5.0,7.0,0.0,0.0,44.83,5.0,1.0,0.0,9.14
8476372,4,Nick Seeler,Philadelphia Flyers,Defenseman,"10/27/2022, 19:12:36",1.0,0.0,7.0,7.0,6.0,13.0,0.0,0.0,0.0,14.0,0.0,1.0,14.34
8476872,4,Scott Laughton,Philadelphia Flyers,Center,"10/27/2022, 19:12:36",2.0,0.0,4.0,11.0,6.0,15.0,0.0,0.0,46.94,4.0,0.0,2.0,17.49
8477499,4,Rasmus Ristolainen,Philadelphia Flyers,Defenseman,"10/27/2022, 19:12:36",,,,,,,,,,,,,
8477948,4,Travis Sanheim,Philadelphia Flyers,Defenseman,"10/27/2022, 19:12:36",0.0,0.0,0.0,4.0,6.0,9.0,0.0,0.0,0.0,13.0,1.0,0.0,21.2
8477950,4,Tony DeAngelo,Philadelphia Flyers,Defenseman,"10/27/2022, 19:12:36",1.0,4.0,4.0,10.0,6.0,2.0,1.0,3.0,0.0,13.0,1.0,5.0,24.46
8478439,4,Travis Konecny,Philadelphia Flyers,Right Wing,"10/27/2022, 19:12:36",4.0,2.0,2.0,20.0,6.0,5.0,1.0,2.0,33.33,3.0,2.0,6.0,18.58
8478500,4,Ivan Provorov,Philadelphia Flyers,Defenseman,"10/27/2022, 19:12:36",0.0,5.0,4.0,17.0,6.0,15.0,0.0,1.0,0.0,20.0,3.0,5.0,22.58
8479322,4,Wade Allison,Philadelphia Flyers,Right Wing,"10/27/2022, 19:12:37",1.0,0.0,4.0,12.0,6.0,12.0,0.0,0.0,0.0,6.0,1.0,1.0,14.5
8479356,4,Kieffer Bellows,Philadelphia Flyers,Left Wing,"10/27/2022, 19:12:37",0.0,0.0,0.0,0.0,1.0,3.0,0.0,0.0,0.0,0.0,-1.0,0.0,7.16
8479550,4,Tanner Laczynski,Philadelphia Flyers,Center,"10/27/2022, 19:12:37",0.0,2.0,0.0,3.0,6.0,2.0,0.0,0.0,66.67,0.0,-1.0,2.0,10.03
8479772,4,Zack MacEwen,Philadelphia Flyers,Center,"10/27/2022, 19:12:37",1.0,1.0,4.0,9.0,4.0,19.0,0.0,0.0,33.33,2.0,1.0,2.0,13.43
8480015,4,Owen Tippett,Philadelphia Flyers,Right Wing,"10/27/2022, 19:12:37",0.0,0.0,2.0,0.0,1.0,1.0,0.0,0.0,100.0,1.0,0.0,0.0,4.2
8480028,4,Morgan Frost,Philadelphia Flyers,Center,"10/27/2022, 19:12:37",2.0,1.0,4.0,10.0,6.0,10.0,0.0,0.0,40.0,5.0,-1.0,3.0,14.59
8480220,4,Noah Cates,Philadelphia Flyers,Left Wing,"10/27/2022, 19:12:38",1.0,0.0,0.0,4.0,6.0,6.0,0.0,0.0,34.95,9.0,1.0,1.0,18.1
8480797,4,Joel Farabee,Philadelphia Flyers,Left Wing,"10/27/2022, 19:12:38",1.0,2.0,0.0,19.0,6.0,8.0,0.0,0.0,100.0,5.0,-1.0,3.0,20.26
8481178,4,Egor Zamula,Philadelphia Flyers,Defenseman,"10/27/2022, 19:12:38",0.0,2.0,0.0,4.0,6.0,1.0,0.0,0.0,0.0,3.0,1.0,2.0,14.37
8476927,5,Teddy Blueger,Pittsburgh Penguins,Center,"10/27/2022, 19:12:38",,,,,,,,,,,,,
8478017,5,Mark Friedman,Pittsburgh Penguins,Defenseman,"10/27/2022, 19:12:38",,,,,,,,,,,,,
8470604,5,Jeff Carter,Pittsburgh Penguins,Center,"10/27/2022, 19:12:38",2.0,4.0,2.0,16.0,7.0,9.0,0.0,3.0,61.47,9.0,0.0,6.0,16.42
8471215,5,Evgeni Malkin,Pittsburgh Penguins,Center,"10/27/2022, 19:12:38",4.0,3.0,4.0,31.0,7.0,1.0,2.0,3.0,55.79,2.0,2.0,7.0,18.17
8471675,5,Sidney Crosby,Pittsburgh Penguins,Center,"10/27/2022, 19:12:39",4.0,7.0,4.0,24.0,7.0,11.0,0.0,3.0,45.3,3.0,4.0,11.0,19.08
8471724,5,Kris Letang,Pittsburgh Penguins,Defenseman,"10/27/2022, 19:12:39",0.0,4.0,0.0,12.0,7.0,12.0,0.0,1.0,0.0,12.0,-1.0,4.0,23.15
8473507,5,Jeff Petry,Pittsburgh Penguins,Defenseman,"10/27/2022, 19:12:39",1.0,3.0,10.0,14.0,7.0,18.0,1.0,1.0,0.0,16.0,2.0,4.0,20.37
8475208,5,Brian Dumoulin,Pittsburgh Penguins,Defenseman,"10/27/2022, 19:12:39",0.0,2.0,0.0,9.0,7.0,8.0,0.0,0.0,0.0,18.0,2.0,2.0,20.33
8475722,5,Jason Zucker,Pittsburgh Penguins,Left Wing,"10/27/2022, 19:12:39",1.0,5.0,4.0,13.0,6.0,18.0,0.0,2.0,33.33,2.0,3.0,6.0,15.41
8475810,5,Bryan Rust,Pittsburgh Penguins,Right Wing,"10/27/2022, 19:12:39",3.0,3.0,2.0,23.0,7.0,5.0,1.0,2.0,0.0,2.0,1.0,6.0,16.51
8476326,5,Josh Archibald,Pittsburgh Penguins,Right Wing,"10/27/2022, 19:12:39",1.0,0.0,0.0,9.0,7.0,25.0,0.0,0.0,0.0,2.0,1.0,1.0,10.04
8476483,5,Rickard Rakell,Pittsburgh Penguins,Right Wing,"10/27/2022, 19:12:40",3.0,1.0,0.0,26.0,7.0,8.0,1.0,1.0,100.0,7.0,8.0,4.0,18.5
8476934,5,Brock McGinn,Pittsburgh Penguins,Left Wing,"10/27/2022, 19:12:40",1.0,0.0,2.0,10.0,7.0,9.0,0.0,0.0,0.0,4.0,0.0,1.0,12.4
8477244,5,Chad Ruhwedel,Pittsburgh Penguins,Defenseman,"10/27/2022, 19:12:40",0.0,0.0,4.0,0.0,2.0,1.0,0.0,0.0,0.0,2.0,-1.0,0.0,10.58
8477404,5,Jake Guentzel,Pittsburgh Penguins,Left Wing,"10/27/2022, 19:12:40",3.0,2.0,4.0,17.0,4.0,4.0,1.0,1.0,60.0,0.0,4.0,5.0,17.36
8477953,5,Kasperi Kapanen,Pittsburgh Penguins,Right Wing,"10/27/2022, 19:12:40",1.0,4.0,0.0,11.0,7.0,11.0,0.0,0.0,50.0,0.0,0.0,5.0,13.5
8477969,5,Marcus Pettersson,Pittsburgh Penguins,Defenseman,"10/27/2022, 19:12:40",0.0,4.0,4.0,10.0,7.0,17.0,0.0,0.0,0.0,13.0,3.0,4.0,18.21
8478046,5,Danton Heinen,Pittsburgh Penguins,Left Wing,"10/27/2022, 19:12:41",3.0,3.0,2.0,18.0,7.0,4.0,1.0,2.0,50.0,2.0,4.0,6.0,14.55
8479465,5,Drake Caggiula,Pittsburgh Penguins,Center,"10/27/2022, 19:12:41",0.0,0.0,0.0,2.0,2.0,3.0,0.0,0.0,0.0,1.0,-1.0,0.0,8.08
8480058,5,Pierre-Olivier Joseph,Pittsburgh Penguins,Defenseman,"10/27/2022, 19:12:41",0.0,3.0,4.0,9.0,6.0,9.0,0.0,0.0,0.0,4.0,5.0,3.0,15.13
8480068,5,Ryan Poehling,Pittsburgh Penguins,Center,"10/27/2022, 19:12:41",1.0,1.0,0.0,5.0,7.0,3.0,0.0,0.0,46.51,3.0,2.0,2.0,11.34
8480172,5,Jan Rutta,Pittsburgh Penguins,Defenseman,"10/27/2022, 19:12:41",2.0,1.0,2.0,6.0,7.0,9.0,0.0,0.0,0.0,6.0,8.0,3.0,16.35
8481591,5,Sam Poulin,Pittsburgh Penguins,Right Wing,"10/27/2022, 19:12:41",0.0,1.0,2.0,2.0,1.0,0.0,0.0,1.0,50.0,1.0,-2.0,1.0,12.17
8479325,6,Charlie McAvoy,Boston Bruins,Defenseman,"10/27/2022, 19:12:42",,,,,,,,,,,,,
8470638,6,Patrice Bergeron,Boston Bruins,Center,"10/27/2022, 19:12:42",4.0,3.0,2.0,26.0,7.0,6.0,1.0,2.0,62.79,9.0,6.0,7.0,19.0
8471276,6,David Krejci,Boston Bruins,Center,"10/27/2022, 19:12:42",2.0,6.0,4.0,10.0,7.0,5.0,1.0,4.0,57.5,5.0,-3.0,8.0,18.07
8471873,6,Anton Stralman,Boston Bruins,Defenseman,"10/27/2022, 19:12:42",0.0,0.0,0.0,0.0,1.0,1.0,0.0,0.0,0.0,2.0,-2.0,0.0,18.29
8473422,6,Nick Foligno,Boston Bruins,Left Wing,"10/27/2022, 19:12:42",3.0,1.0,2.0,8.0,7.0,15.0,0.0,1.0,66.67,3.0,0.0,4.0,12.17
8475225,6,Craig Smith,Boston Bruins,Center,"10/27/2022, 19:12:42",0.0,2.0,2.0,6.0,5.0,5.0,0.0,1.0,0.0,1.0,0.0,2.0,11.35
8475745,6,Charlie Coyle,Boston Bruins,Center,"10/27/2022, 19:12:42",1.0,2.0,2.0,10.0,7.0,7.0,0.0,0.0,56.79,4.0,2.0,3.0,17.44
8475762,6,Derek Forbort,Boston Bruins,Defenseman,"10/27/2022, 19:12:42",1.0,0.0,4.0,6.0,7.0,17.0,0.0,0.0,0.0,14.0,1.0,1.0,20.38
8475791,6,Taylor Hall,Boston Bruins,Left Wing,"10/27/2022, 19:12:42",4.0,2.0,8.0,16.0,7.0,2.0,1.0,1.0,50.0,2.0,2.0,6.0,16.38
8476422,6,Mike Reilly,Boston Bruins,Defenseman,"10/27/2022, 19:12:43",0.0,1.0,0.0,8.0,7.0,12.0,0.0,0.0,0.0,9.0,2.0,1.0,17.06
8476854,6,Hampus Lindholm,Boston Bruins,Defenseman,"10/27/2022, 19:12:43",2.0,3.0,8.0,11.0,7.0,11.0,0.0,1.0,0.0,8.0,7.0,5.0,24.13
8476891,6,Matt Grzelcyk,Boston Bruins,Defenseman,"10/27/2022, 19:12:43",0.0,3.0,0.0,8.0,3.0,3.0,0.0,0.0,0.0,6.0,3.0,3.0,19.23
8477365,6,Connor Clifton,Boston Bruins,Defenseman,"10/27/2022, 19:12:43",0.0,4.0,14.0,15.0,7.0,23.0,0.0,0.0,0.0,11.0,2.0,4.0,21.35
8477931,6,Tomas Nosek,Boston Bruins,Left Wing,"10/27/2022, 19:12:43",0.0,0.0,4.0,9.0,7.0,8.0,0.0,0.0,55.38,1.0,2.0,0.0,13.29
8477956,6,David Pastrnak,Boston Bruins,Right Wing,"10/27/2022, 19:12:43",5.0,7.0,4.0,40.0,7.0,6.0,1.0,4.0,50.0,2.0,2.0,12.0,20.09
8478401,6,Pavel Zacha,Boston Bruins,Center,"10/27/2022, 19:12:43",1.0,3.0,0.0,16.0,7.0,2.0,1.0,1.0,53.85,2.0,-2.0,4.0,16.03
8478415,6,Jakub Zboril,Boston Bruins,Defenseman,"10/27/2022, 19:12:44",0.0,0.0,0.0,4.0,6.0,6.0,0.0,0.0,0.0,6.0,1.0,0.0,15.33
8478421,6,A.J. Greer,Boston Bruins,Left Wing,"10/27/2022, 19:12:44",3.0,2.0,2.0,9.0,6.0,20.0,0.0,0.0,0.0,2.0,2.0,5.0,10.2
8478443,6,Brandon Carlo,Boston Bruins,Defenseman,"10/27/2022, 19:12:44",0.0,0.0,4.0,3.0,3.0,6.0,0.0,0.0,0.0,5.0,1.0,0.0,14.39
8478498,6,Jake DeBrusk,Boston Bruins,Left Wing,"10/27/2022, 19:12:44",2.0,3.0,0.0,28.0,6.0,5.0,0.0,0.0,50.0,2.0,4.0,5.0,18.09
8479365,6,Trent Frederic,Boston Bruins,Center,"10/27/2022, 19:12:44",1.0,1.0,9.0,6.0,6.0,9.0,0.0,0.0,0.0,4.0,3.0,2.0,10.03
8480021,6,Jack Studnicka,Boston Bruins,Center,"10/27/2022, 19:12:44",0.0,0.0,4.0,0.0,1.0,0.0,0.0,0.0,0.0,0.0,-1.0,0.0,8.01
8480035,7,Henri Jokiharju,Buffalo Sabres,Defenseman,"10/27/2022, 19:12:44",0.0,1.0,4.0,1.0,4.0,2.0,0.0,0.0,0.0,4.0,3.0,1.0,15.49
8480807,7,Mattias Samuelsson,Buffalo Sabres,Defenseman,"10/27/2022, 19:12:45",0.0,0.0,2.0,7.0,5.0,11.0,0.0,0.0,0.0,11.0,6.0,0.0,19.35
8473449,7,Kyle Okposo,Buffalo Sabres,Right Wing,"10/27/2022, 19:12:45",0.0,2.0,2.0,10.0,6.0,4.0,0.0,0.0,50.0,1.0,1.0,2.0,14.36
8475772,7,Riley Sheahan,Buffalo Sabres,Center,"10/27/2022, 19:12:45",,,,,,,,,,,,,
8475784,7,Jeff Skinner,Buffalo Sabres,Left Wing,"10/27/2022, 19:12:45",0.0,2.0,2.0,13.0,6.0,2.0,0.0,0.0,45.45,2.0,2.0,2.0,16.25
8476878,7,Zemgus Girgensons,Buffalo Sabres,Left Wing,"10/27/2022, 19:12:45",2.0,0.0,2.0,6.0,6.0,2.0,0.0,0.0,52.94,7.0,2.0,2.0,12.15
8476994,7,Vinnie Hinostroza,Buffalo Sabres,Center,"10/27/2022, 19:12:45",0.0,5.0,0.0,4.0,4.0,0.0,0.0,0.0,0.0,2.0,1.0,5.0,13.44
8477949,7,Alex Tuch,Buffalo Sabres,Right Wing,"10/27/2022, 19:12:46",6.0,1.0,2.0,17.0,6.0,4.0,1.0,1.0,57.14,3.0,6.0,7.0,17.52
8478109,7,Victor Olofsson,Buffalo Sabres,Left Wing,"10/27/2022, 19:12:46",4.0,1.0,0.0,16.0,6.0,0.0,0.0,0.0,50.0,1.0,4.0,5.0,15.0
8479335,7,Rasmus Asplund,Buffalo Sabres,Center,"10/27/2022, 19:12:46",0.0,3.0,0.0,6.0,6.0,3.0,0.0,0.0,38.1,0.0,6.0,3.0,14.03
8479348,7,Kale Clague,Buffalo Sabres,Defenseman,"10/27/2022, 19:12:46",,,,,,,,,,,,,
8479420,7,Tage Thompson,Buffalo Sabres,Right Wing,"10/27/2022, 19:12:46",1.0,2.0,6.0,14.0,6.0,1.0,0.0,2.0,48.68,1.0,1.0,3.0,17.46
8479578,7,Casey Fitzgerald,Buffalo Sabres,Defenseman,"10/27/2022, 19:12:46",0.0,0.0,0.0,4.0,3.0,4.0,0.0,0.0,0.0,1.0,0.0,0.0,15.53
8479999,7,Casey Mittelstadt,Buffalo Sabres,Center,"10/27/2022, 19:12:46",1.0,4.0,2.0,10.0,6.0,3.0,0.0,3.0,53.85,1.0,3.0,5.0,17.04
8480196,7,Jacob Bryson,Buffalo Sabres,Defenseman,"10/27/2022, 19:12:46",0.0,2.0,2.0,2.0,6.0,4.0,0.0,0.0,0.0,7.0,-4.0,2.0,17.15
8480839,7,Rasmus Dahlin,Buffalo Sabres,Defenseman,"10/27/2022, 19:12:47",5.0,4.0,6.0,19.0,6.0,11.0,2.0,2.0,0.0,13.0,9.0,9.0,24.43
8480935,7,Lawrence Pilut,Buffalo Sabres,Defenseman,"10/27/2022, 19:12:47",0.0,0.0,0.0,0.0,1.0,0.0,0.0,0.0,0.0,1.0,-1.0,0.0,14.5
8480950,7,Ilya Lyubushkin,Buffalo Sabres,Defenseman,"10/27/2022, 19:12:47",0.0,1.0,10.0,2.0,5.0,14.0,0.0,0.0,0.0,8.0,2.0,1.0,14.29
8481522,7,Peyton Krebs,Buffalo Sabres,Center,"10/27/2022, 19:12:47",0.0,1.0,4.0,2.0,4.0,3.0,0.0,0.0,100.0,0.0,0.0,1.0,12.11
8481528,7,Dylan Cozens,Buffalo Sabres,Center,"10/27/2022, 19:12:47",2.0,2.0,2.0,17.0,6.0,3.0,0.0,0.0,51.61,2.0,0.0,4.0,16.4
8482097,7,Jack Quinn,Buffalo Sabres,Right Wing,"10/27/2022, 19:12:47",0.0,0.0,0.0,0.0,4.0,3.0,0.0,0.0,100.0,1.0,2.0,0.0,11.31
8482175,7,JJ Peterka,Buffalo Sabres,Right Wing,"10/27/2022, 19:12:47",2.0,2.0,4.0,8.0,6.0,1.0,0.0,0.0,0.0,0.0,-1.0,4.0,12.34
8482671,7,Owen Power,Buffalo Sabres,Defenseman,"10/27/2022, 19:12:48",0.0,2.0,0.0,4.0,6.0,2.0,0.0,0.0,0.0,8.0,3.0,2.0,22.32
8476469,8,Joel Armia,Montréal Canadiens,Right Wing,"10/27/2022, 19:12:48",,,,,,,,,,,,,
8476875,8,Mike Matheson,Montréal Canadiens,Defenseman,"10/27/2022, 19:12:48",,,,,,,,,,,,,
8474149,8,Evgenii Dadonov,Montréal Canadiens,Right Wing,"10/27/2022, 19:12:48",0.0,0.0,0.0,8.0,7.0,1.0,0.0,0.0,33.33,1.0,-3.0,0.0,13.42
8474884,8,Mike Hoffman,Montréal Canadiens,Left Wing,"10/27/2022, 19:12:48",1.0,1.0,2.0,13.0,7.0,5.0,0.0,0.0,60.0,4.0,-1.0,2.0,13.17
8475227,8,Chris Wideman,Montréal Canadiens,Defenseman,"10/27/2022, 19:12:48",0.0,1.0,4.0,9.0,7.0,1.0,0.0,0.0,0.0,6.0,3.0,1.0,17.17
8475233,8,David Savard,Montréal Canadiens,Defenseman,"10/27/2022, 19:12:49",0.0,2.0,2.0,3.0,7.0,6.0,0.0,0.0,0.0,33.0,-6.0,2.0,22.17
8475848,8,Brendan Gallagher,Montréal Canadiens,Right Wing,"10/27/2022, 19:12:49",1.0,0.0,6.0,12.0,7.0,3.0,0.0,0.0,20.0,2.0,-4.0,1.0,14.5
8476981,8,Josh Anderson,Montréal Canadiens,Right Wing,"10/27/2022, 19:12:49",2.0,0.0,2.0,11.0,7.0,16.0,0.0,0.0,88.89,3.0,-1.0,2.0,14.56
8477494,8,Jonathan Drouin,Montréal Canadiens,Left Wing,"10/27/2022, 19:12:49",0.0,2.0,0.0,4.0,5.0,4.0,0.0,0.0,33.33,0.0,-1.0,2.0,14.04
8477497,8,Sean Monahan,Montréal Canadiens,Center,"10/27/2022, 19:12:49",2.0,3.0,4.0,16.0,7.0,4.0,0.0,1.0,56.79,0.0,1.0,5.0,17.52
8477989,8,Christian Dvorak,Montréal Canadiens,Center,"10/27/2022, 19:12:49",0.0,0.0,0.0,12.0,7.0,1.0,0.0,0.0,54.65,7.0,-3.0,0.0,16.24
8478133,8,Jake Evans,Montréal Canadiens,Center,"10/27/2022, 19:12:49",0.0,1.0,0.0,10.0,7.0,1.0,0.0,0.0,56.41,5.0,-1.0,1.0,13.08
8479514,8,Rem Pitlick,Montréal Canadiens,Center,"10/27/2022, 19:12:50",0.0,0.0,4.0,3.0,4.0,2.0,0.0,0.0,20.0,2.0,-2.0,0.0,12.42
8479543,8,Michael Pezzetta,Montréal Canadiens,Left Wing,"10/27/2022, 19:12:50",,,,,,,,,,,,,
8480018,8,Nick Suzuki,Montréal Canadiens,Center,"10/27/2022, 19:12:50",3.0,4.0,2.0,18.0,7.0,7.0,0.0,1.0,51.35,6.0,3.0,7.0,19.44
8480192,8,Johnathan Kovacevic,Montréal Canadiens,Defenseman,"10/27/2022, 19:12:50",0.0,0.0,0.0,13.0,7.0,13.0,0.0,0.0,0.0,6.0,0.0,0.0,17.33
8480887,8,Jordan Harris,Montréal Canadiens,Defenseman,"10/27/2022, 19:12:50",0.0,1.0,2.0,18.0,7.0,8.0,0.0,0.0,0.0,20.0,3.0,1.0,20.59
8481523,8,Kirby Dach,Montréal Canadiens,Center,"10/27/2022, 19:12:50",1.0,2.0,6.0,10.0,7.0,5.0,1.0,1.0,32.56,3.0,-1.0,3.0,14.55
8481540,8,Cole Caufield,Montréal Canadiens,Right Wing,"10/27/2022, 19:12:51",5.0,1.0,0.0,22.0,7.0,4.0,0.0,0.0,0.0,1.0,0.0,6.0,17.36
8482087,8,Kaiden Guhle,Montréal Canadiens,Defenseman,"10/27/2022, 19:12:51",0.0,2.0,9.0,7.0,7.0,15.0,0.0,0.0,0.0,14.0,-5.0,2.0,20.39
8482964,8,Arber Xhekaj,Montréal Canadiens,Defenseman,"10/27/2022, 19:12:51",1.0,2.0,15.0,11.0,7.0,27.0,0.0,0.0,0.0,9.0,2.0,3.0,15.11
8483515,8,Juraj Slafkovsky,Montréal Canadiens,Left Wing,"10/27/2022, 19:12:51",1.0,0.0,2.0,4.0,5.0,9.0,0.0,0.0,0.0,1.0,0.0,1.0,11.26
8480064,9,Josh Norris,Ottawa Senators,Center,"10/27/2022, 19:12:51",1.0,1.0,2.0,8.0,5.0,6.0,0.0,0.0,57.89,3.0,0.0,2.0,18.2
8473512,9,Claude Giroux,Ottawa Senators,Right Wing,"10/27/2022, 19:12:51",2.0,2.0,2.0,14.0,6.0,4.0,0.0,1.0,51.56,4.0,-1.0,4.0,16.12
8474207,9,Nick Holden,Ottawa Senators,Defenseman,"10/27/2022, 19:12:51",0.0,0.0,0.0,6.0,5.0,9.0,0.0,0.0,0.0,10.0,2.0,0.0,16.14
8474612,9,Travis Hamonic,Ottawa Senators,Defenseman,"10/27/2022, 19:12:52",0.0,0.0,10.0,10.0,6.0,11.0,0.0,0.0,0.0,6.0,6.0,0.0,18.45
8475766,9,Austin Watson,Ottawa Senators,Left Wing,"10/27/2022, 19:12:52",0.0,1.0,0.0,6.0,6.0,16.0,0.0,0.0,0.0,2.0,2.0,1.0,9.18
8477353,9,Tyler Motte,Ottawa Senators,Left Wing,"10/27/2022, 19:12:52",2.0,4.0,0.0,14.0,6.0,17.0,0.0,0.0,27.27,9.0,5.0,6.0,16.01
8478469,9,Thomas Chabot,Ottawa Senators,Defenseman,"10/27/2022, 19:12:52",1.0,3.0,6.0,20.0,6.0,6.0,1.0,2.0,0.0,9.0,1.0,4.0,25.12
8478472,9,Mathieu Joseph,Ottawa Senators,Right Wing,"10/27/2022, 19:12:52",0.0,2.0,2.0,4.0,6.0,11.0,0.0,0.0,0.0,1.0,6.0,2.0,14.07
8479337,9,Alex DeBrincat,Ottawa Senators,Right Wing,"10/27/2022, 19:12:52",1.0,5.0,4.0,28.0,6.0,10.0,0.0,2.0,0.0,3.0,-1.0,6.0,18.28
8479458,9,Nikita Zaitsev,Ottawa Senators,Defenseman,"10/27/2022, 19:12:53",0.0,0.0,0.0,0.0,1.0,6.0,0.0,0.0,0.0,0.0,0.0,0.0,12.12
8479580,9,Dylan Gambrell,Ottawa Senators,Center,"10/27/2022, 19:12:53",,,,,,,,,,,,,
8480073,9,Erik Brannstrom,Ottawa Senators,Defenseman,"10/27/2022, 19:12:53",0.0,2.0,2.0,8.0,6.0,2.0,0.0,0.0,0.0,6.0,-2.0,2.0,14.25
8480208,9,Drake Batherson,Ottawa Senators,Right Wing,"10/27/2022, 19:12:53",3.0,6.0,2.0,19.0,6.0,10.0,2.0,3.0,40.0,0.0,1.0,9.0,18.16
8480448,9,Parker Kelly,Ottawa Senators,Left Wing,"10/27/2022, 19:12:53",0.0,0.0,12.0,1.0,6.0,12.0,0.0,0.0,0.0,1.0,1.0,0.0,7.48
8480801,9,Brady Tkachuk,Ottawa Senators,Left Wing,"10/27/2022, 19:12:53",5.0,5.0,6.0,25.0,6.0,18.0,1.0,4.0,50.0,1.0,0.0,10.0,17.25
8481596,9,Shane Pinto,Ottawa Senators,Center,"10/27/2022, 19:12:53",5.0,1.0,2.0,13.0,6.0,4.0,1.0,1.0,61.02,1.0,1.0,6.0,14.3
8482105,9,Jake Sanderson,Ottawa Senators,Defenseman,"10/27/2022, 19:12:53",0.0,3.0,2.0,4.0,6.0,6.0,0.0,1.0,0.0,6.0,4.0,3.0,19.02
8482116,9,Tim Stützle,Ottawa Senators,Left Wing,"10/27/2022, 19:12:53",1.0,5.0,6.0,11.0,6.0,9.0,0.0,1.0,50.0,6.0,2.0,6.0,18.32
8482245,9,Artem Zub,Ottawa Senators,Defenseman,"10/27/2022, 19:12:54",1.0,2.0,2.0,5.0,6.0,22.0,0.0,0.0,0.0,4.0,3.0,3.0,22.07
8474162,10,Jake Muzzin,Toronto Maple Leafs,Defenseman,"10/27/2022, 19:12:54",0.0,1.0,2.0,8.0,4.0,11.0,0.0,0.0,0.0,10.0,0.0,1.0,16.42
8474818,10,Jordie Benn,Toronto Maple Leafs,Defenseman,"10/27/2022, 19:12:54",,,,,,,,,,,,,
8475160,10,Kyle Clifford,Toronto Maple Leafs,Left Wing,"10/27/2022, 19:12:54",0.0,1.0,2.0,2.0,2.0,6.0,0.0,0.0,0.0,0.0,1.0,1.0,7.54
8477472,10,Carl Dahlstrom,Toronto Maple Leafs,Defenseman,"10/27/2022, 19:12:54",,,,,,,,,,,,,
8480043,10,Timothy Liljegren,Toronto Maple Leafs,Defenseman,"10/27/2022, 19:12:55",,,,,,,,,,,,,
8470966,10,Mark Giordano,Toronto Maple Leafs,Defenseman,"10/27/2022, 19:12:55",0.0,1.0,6.0,12.0,7.0,6.0,0.0,0.0,0.0,14.0,5.0,1.0,17.31
8474190,10,Wayne Simmonds,Toronto Maple Leafs,Right Wing,"10/27/2022, 19:12:55",0.0,1.0,2.0,1.0,2.0,9.0,0.0,0.0,0.0,1.0,0.0,1.0,8.55
8474673,10,TJ Brodie,Toronto Maple Leafs,Defenseman,"10/27/2022, 19:12:55",0.0,1.0,2.0,9.0,7.0,6.0,0.0,0.0,0.0,11.0,-4.0,1.0,20.38
8475166,10,John Tavares,Toronto Maple Leafs,Center,"10/27/2022, 19:12:55",3.0,5.0,0.0,27.0,7.0,10.0,3.0,5.0,58.27,3.0,-1.0,8.0,17.51
8475714,10,Calle Jarnkrok,Toronto Maple Leafs,Center,"10/27/2022, 19:12:55",1.0,1.0,6.0,10.0,7.0,6.0,0.0,0.0,51.61,2.0,-1.0,2.0,13.29
8475718,10,Justin Holl,Toronto Maple Leafs,Defenseman,"10/27/2022, 19:12:55",1.0,0.0,4.0,9.0,7.0,15.0,0.0,0.0,0.0,19.0,0.0,1.0,20.34
8476853,10,Morgan Rielly,Toronto Maple Leafs,Defenseman,"10/27/2022, 19:12:56",0.0,5.0,7.0,13.0,7.0,5.0,0.0,2.0,0.0,9.0,-4.0,5.0,22.49
8477021,10,Alexander Kerfoot,Toronto Maple Leafs,Center,"10/27/2022, 19:12:56",1.0,1.0,6.0,11.0,7.0,2.0,1.0,1.0,48.39,2.0,1.0,2.0,15.26
8477939,10,William Nylander,Toronto Maple Leafs,Right Wing,"10/27/2022, 19:12:56",4.0,3.0,0.0,26.0,7.0,5.0,2.0,3.0,50.0,2.0,0.0,7.0,18.55
8477979,10,Nicolas Aube-Kubel,Toronto Maple Leafs,Right Wing,"10/27/2022, 19:12:56",0.0,0.0,4.0,1.0,5.0,20.0,0.0,0.0,0.0,1.0,-2.0,0.0,9.0
8478047,10,Michael Bunting,Toronto Maple Leafs,Left Wing,"10/27/2022, 19:12:56",2.0,3.0,6.0,16.0,7.0,12.0,0.0,1.0,100.0,1.0,1.0,5.0,16.06
8478115,10,Pierre Engvall,Toronto Maple Leafs,Left Wing,"10/27/2022, 19:12:56",0.0,0.0,0.0,9.0,6.0,8.0,0.0,0.0,100.0,0.0,-2.0,0.0,11.42
8478483,10,Mitchell Marner,Toronto Maple Leafs,Right Wing,"10/27/2022, 19:12:56",1.0,4.0,6.0,13.0,7.0,6.0,0.0,1.0,0.0,3.0,1.0,5.0,22.59
8478843,10,Denis Malgin,Toronto Maple Leafs,Center,"10/27/2022, 19:12:57",1.0,0.0,0.0,2.0,4.0,3.0,0.0,0.0,0.0,1.0,2.0,1.0,11.17
8479318,10,Auston Matthews,Toronto Maple Leafs,Center,"10/27/2022, 19:12:57",1.0,5.0,0.0,33.0,7.0,20.0,0.0,3.0,48.31,4.0,3.0,6.0,21.49
8479376,10,Victor Mete,Toronto Maple Leafs,Defenseman,"10/27/2022, 19:12:57",0.0,0.0,0.0,1.0,3.0,1.0,0.0,0.0,0.0,4.0,1.0,0.0,13.44
8479944,10,Zach Aston-Reese,Toronto Maple Leafs,Center,"10/27/2022, 19:12:57",0.0,0.0,2.0,2.0,6.0,12.0,0.0,0.0,100.0,4.0,-3.0,0.0,9.22
8480144,10,David Kampf,Toronto Maple Leafs,Center,"10/27/2022, 19:12:57",2.0,0.0,2.0,6.0,7.0,8.0,0.0,0.0,47.92,3.0,-2.0,2.0,13.27
8480820,10,Filip Kral,Toronto Maple Leafs,Defenseman,"10/27/2022, 19:12:57",,,,,,,,,,,,,
8480873,10,Rasmus Sandin,Toronto Maple Leafs,Defenseman,"10/27/2022, 19:12:57",0.0,3.0,2.0,7.0,7.0,20.0,0.0,2.0,0.0,7.0,1.0,3.0,16.46
8481582,10,Nicholas Robertson,Toronto Maple Leafs,Left Wing,"10/27/2022, 19:12:58",2.0,1.0,0.0,7.0,3.0,4.0,0.0,0.0,0.0,3.0,1.0,3.0,15.04
8470613,12,Brent Burns,Carolina Hurricanes,Defenseman,"10/27/2022, 19:12:58",0.0,4.0,4.0,22.0,6.0,3.0,0.0,3.0,0.0,1.0,-2.0,4.0,23.46
8471669,12,Paul Stastny,Carolina Hurricanes,Center,"10/27/2022, 19:12:58",0.0,2.0,4.0,2.0,6.0,4.0,0.0,0.0,64.71,0.0,1.0,2.0,13.42
8473533,12,Jordan Staal,Carolina Hurricanes,Center,"10/27/2022, 19:12:58",0.0,1.0,2.0,6.0,6.0,10.0,0.0,0.0,50.0,3.0,-1.0,1.0,14.23
8474613,12,Derek Stepan,Carolina Hurricanes,Center,"10/27/2022, 19:12:58",0.0,1.0,0.0,17.0,6.0,2.0,0.0,0.0,55.93,1.0,3.0,1.0,9.38
8475177,12,Calvin de Haan,Carolina Hurricanes,Defenseman,"10/27/2022, 19:12:58",1.0,0.0,4.0,4.0,4.0,7.0,0.0,0.0,0.0,3.0,-1.0,1.0,12.17
8475855,12,Jesper Fast,Carolina Hurricanes,Right Wing,"10/27/2022, 19:12:59",1.0,0.0,0.0,2.0,6.0,10.0,0.0,0.0,0.0,4.0,-1.0,1.0,14.06
8476474,12,Stefan Noesen,Carolina Hurricanes,Right Wing,"10/27/2022, 19:12:59",0.0,4.0,2.0,10.0,5.0,3.0,0.0,2.0,0.0,2.0,1.0,4.0,9.36
8476869,12,Brady Skjei,Carolina Hurricanes,Defenseman,"10/27/2022, 19:12:59",1.0,2.0,4.0,14.0,6.0,11.0,0.0,0.0,0.0,3.0,8.0,3.0,20.55
8476882,12,Teuvo Teravainen,Carolina Hurricanes,Left Wing,"10/27/2022, 19:12:59",0.0,3.0,2.0,16.0,6.0,1.0,0.0,0.0,33.33,2.0,5.0,3.0,17.33
8476921,12,Jordan Martinook,Carolina Hurricanes,Left Wing,"10/27/2022, 19:12:59",1.0,1.0,2.0,8.0,6.0,5.0,0.0,0.0,55.56,2.0,1.0,2.0,10.38
8476958,12,Jaccob Slavin,Carolina Hurricanes,Defenseman,"10/27/2022, 19:12:59",0.0,2.0,0.0,14.0,6.0,5.0,0.0,0.0,0.0,11.0,0.0,2.0,23.27
8477488,12,Brett Pesce,Carolina Hurricanes,Defenseman,"10/27/2022, 19:13:00",0.0,1.0,2.0,9.0,6.0,1.0,0.0,0.0,0.0,11.0,9.0,1.0,22.04
8478131,12,Ondrej Kase,Carolina Hurricanes,Right Wing,"10/27/2022, 19:13:00",0.0,0.0,0.0,0.0,1.0,1.0,0.0,0.0,0.0,0.0,0.0,0.0,11.02
8478427,12,Sebastian Aho,Carolina Hurricanes,Center,"10/27/2022, 19:13:00",4.0,5.0,4.0,16.0,6.0,6.0,1.0,4.0,56.57,3.0,0.0,9.0,18.32
8478451,12,Ethan Bear,Carolina Hurricanes,Defenseman,"10/27/2022, 19:13:00",,,,,,,,,,,,,
8478970,12,Jalen Chatfield,Carolina Hurricanes,Defenseman,"10/27/2022, 19:13:00",0.0,0.0,5.0,13.0,6.0,6.0,0.0,0.0,0.0,4.0,-1.0,0.0,12.49
8479639,12,Dylan Coghlan,Carolina Hurricanes,Defenseman,"10/27/2022, 19:13:00",0.0,0.0,2.0,2.0,2.0,2.0,0.0,0.0,0.0,1.0,0.0,0.0,13.39
8480039,12,Martin Necas,Carolina Hurricanes,Center,"10/27/2022, 19:13:00",3.0,5.0,6.0,15.0,6.0,1.0,1.0,2.0,52.63,0.0,2.0,8.0,19.44
8480829,12,Jesperi Kotkaniemi,Carolina Hurricanes,Center,"10/27/2022, 19:13:01",0.0,2.0,2.0,10.0,6.0,5.0,0.0,0.0,57.53,2.0,3.0,2.0,17.39
8480830,12,Andrei Svechnikov,Carolina Hurricanes,Right Wing,"10/27/2022, 19:13:01",7.0,2.0,2.0,23.0,6.0,9.0,3.0,4.0,0.0,2.0,1.0,9.0,18.24
8482093,12,Seth Jarvis,Carolina Hurricanes,Center,"10/27/2022, 19:13:01",2.0,1.0,0.0,15.0,6.0,7.0,0.0,0.0,0.0,5.0,3.0,3.0,15.58
8477932,13,Aaron Ekblad,Florida Panthers,Defenseman,"10/27/2022, 19:13:01",1.0,0.0,4.0,7.0,3.0,4.0,1.0,1.0,0.0,1.0,1.0,1.0,21.41
8470595,13,Eric Staal,Florida Panthers,Center,"10/27/2022, 19:13:01",,,,,,,,,,,,,
8471686,13,Marc Staal,Florida Panthers,Defenseman,"10/27/2022, 19:13:01",0.0,0.0,2.0,6.0,7.0,14.0,0.0,0.0,0.0,12.0,-3.0,0.0,18.5
8471887,13,Patric Hornqvist,Florida Panthers,Right Wing,"10/27/2022, 19:13:02",1.0,0.0,4.0,15.0,7.0,4.0,0.0,0.0,100.0,1.0,0.0,1.0,10.21
8475462,13,Radko Gudas,Florida Panthers,Defenseman,"10/27/2022, 19:13:02",0.0,2.0,6.0,11.0,7.0,16.0,0.0,0.0,0.0,9.0,0.0,2.0,20.45
8476393,13,Nick Cousins,Florida Panthers,Center,"10/27/2022, 19:13:02",0.0,0.0,4.0,5.0,7.0,4.0,0.0,0.0,45.45,0.0,-1.0,0.0,7.19
8477409,13,Carter Verhaeghe,Florida Panthers,Center,"10/27/2022, 19:13:02",2.0,1.0,4.0,15.0,7.0,1.0,0.0,0.0,0.0,2.0,0.0,3.0,17.05
8477493,13,Aleksander Barkov,Florida Panthers,Center,"10/27/2022, 19:13:03",0.0,4.0,0.0,20.0,7.0,0.0,0.0,2.0,53.49,3.0,-2.0,4.0,22.26
8477933,13,Sam Reinhart,Florida Panthers,Center,"10/27/2022, 19:13:03",0.0,1.0,2.0,19.0,7.0,3.0,0.0,1.0,41.67,3.0,0.0,1.0,21.4
8477935,13,Sam Bennett,Florida Panthers,Center,"10/27/2022, 19:13:03",1.0,3.0,6.0,20.0,7.0,15.0,0.0,0.0,40.4,4.0,-2.0,4.0,19.21
8477986,13,Brandon Montour,Florida Panthers,Defenseman,"10/27/2022, 19:13:03",1.0,3.0,4.0,9.0,5.0,7.0,1.0,1.0,0.0,9.0,2.0,4.0,24.53
8478055,13,Gustav Forsling,Florida Panthers,Defenseman,"10/27/2022, 19:13:03",1.0,4.0,4.0,21.0,7.0,7.0,0.0,0.0,0.0,9.0,6.0,5.0,24.07
8478400,13,Colin White,Florida Panthers,Center,"10/27/2022, 19:13:03",2.0,4.0,2.0,9.0,7.0,2.0,0.0,0.0,33.33,2.0,7.0,6.0,11.32
8478870,13,Rudolfs Balcers,Florida Panthers,Left Wing,"10/27/2022, 19:13:03",2.0,1.0,4.0,13.0,7.0,3.0,0.0,0.0,0.0,2.0,-1.0,3.0,12.4
8479066,13,Ryan Lomberg,Florida Panthers,Left Wing,"10/27/2022, 19:13:03",1.0,1.0,2.0,6.0,7.0,6.0,0.0,0.0,50.0,2.0,1.0,2.0,7.51
8479314,13,Matthew Tkachuk,Florida Panthers,Left Wing,"10/27/2022, 19:13:04",4.0,5.0,18.0,32.0,7.0,4.0,0.0,1.0,54.55,3.0,-1.0,9.0,20.51
8479372,13,Josh Mahura,Florida Panthers,Defenseman,"10/27/2022, 19:13:04",1.0,0.0,6.0,7.0,7.0,4.0,0.0,0.0,0.0,3.0,6.0,1.0,13.2
8479523,13,Lucas Carlsson,Florida Panthers,Defenseman,"10/27/2022, 19:13:04",0.0,0.0,0.0,1.0,1.0,2.0,0.0,0.0,0.0,1.0,-1.0,0.0,10.36
8480185,13,Eetu Luostarinen,Florida Panthers,Center,"10/27/2022, 19:13:04",3.0,3.0,2.0,9.0,7.0,1.0,0.0,0.0,0.0,5.0,8.0,6.0,13.34
8482113,13,Anton Lundell,Florida Panthers,Center,"10/27/2022, 19:13:04",1.0,2.0,0.0,16.0,7.0,2.0,0.0,0.0,44.79,8.0,2.0,3.0,17.03
8482641,13,Matt Kiersted,Florida Panthers,Defenseman,"10/27/2022, 19:13:04",0.0,0.0,4.0,3.0,4.0,4.0,0.0,0.0,0.0,0.0,2.0,0.0,10.31
8474567,14,Zach Bogosian,Tampa Bay Lightning,Defenseman,"10/27/2022, 19:13:05",,,,,,,,,,,,,
8478519,14,Anthony Cirelli,Tampa Bay Lightning,Center,"10/27/2022, 19:13:05",,,,,,,,,,,,,
8470621,14,Corey Perry,Tampa Bay Lightning,Right Wing,"10/27/2022, 19:13:05",2.0,2.0,5.0,22.0,8.0,6.0,1.0,2.0,0.0,4.0,-3.0,4.0,12.38
8473986,14,Alex Killorn,Tampa Bay Lightning,Left Wing,"10/27/2022, 19:13:05",1.0,2.0,2.0,10.0,8.0,5.0,0.0,0.0,0.0,4.0,-1.0,3.0,18.05
8474013,14,Ian Cole,Tampa Bay Lightning,Defenseman,"10/27/2022, 19:13:05",0.0,0.0,6.0,8.0,5.0,7.0,0.0,0.0,0.0,8.0,-3.0,0.0,17.46
8474034,14,Pat Maroon,Tampa Bay Lightning,Left Wing,"10/27/2022, 19:13:05",0.0,1.0,5.0,5.0,8.0,11.0,0.0,0.0,0.0,1.0,-5.0,1.0,9.01
8474564,14,Steven Stamkos,Tampa Bay Lightning,Center,"10/27/2022, 19:13:06",7.0,2.0,8.0,36.0,8.0,8.0,5.0,6.0,44.34,7.0,2.0,9.0,21.01
8475167,14,Victor Hedman,Tampa Bay Lightning,Defenseman,"10/27/2022, 19:13:06",0.0,7.0,2.0,21.0,8.0,13.0,0.0,3.0,0.0,14.0,0.0,7.0,25.33
8476453,14,Nikita Kucherov,Tampa Bay Lightning,Right Wing,"10/27/2022, 19:13:06",2.0,9.0,4.0,23.0,8.0,5.0,0.0,5.0,0.0,5.0,1.0,11.0,22.44
8476480,14,Vladislav Namestnikov,Tampa Bay Lightning,Center,"10/27/2022, 19:13:06",0.0,3.0,2.0,9.0,8.0,11.0,0.0,2.0,27.59,4.0,-3.0,3.0,13.15
8477426,14,Nicholas Paul,Tampa Bay Lightning,Left Wing,"10/27/2022, 19:13:06",2.0,2.0,2.0,18.0,8.0,10.0,0.0,0.0,55.14,11.0,3.0,4.0,18.09
8477930,14,Pierre-Edouard Bellemare,Tampa Bay Lightning,Left Wing,"10/27/2022, 19:13:06",0.0,1.0,0.0,1.0,8.0,7.0,0.0,0.0,48.68,5.0,-5.0,1.0,11.04
8477938,14,Haydn Fleury,Tampa Bay Lightning,Defenseman,"10/27/2022, 19:13:06",0.0,1.0,0.0,5.0,4.0,2.0,0.0,0.0,0.0,1.0,1.0,1.0,11.23
8478010,14,Brayden Point,Tampa Bay Lightning,Center,"10/27/2022, 19:13:07",4.0,2.0,0.0,23.0,8.0,5.0,1.0,2.0,41.18,3.0,1.0,6.0,21.58
8478416,14,Erik Cernak,Tampa Bay Lightning,Defenseman,"10/27/2022, 19:13:07",0.0,0.0,6.0,5.0,7.0,18.0,0.0,0.0,0.0,13.0,-4.0,0.0,20.26
8479026,14,Philippe Myers,Tampa Bay Lightning,Defenseman,"10/27/2022, 19:13:07",0.0,1.0,4.0,8.0,6.0,15.0,0.0,0.0,0.0,4.0,-1.0,1.0,11.5
8479410,14,Mikhail Sergachev,Tampa Bay Lightning,Defenseman,"10/27/2022, 19:13:07",1.0,6.0,12.0,14.0,8.0,8.0,0.0,2.0,0.0,22.0,-3.0,7.0,22.4
8479525,14,Ross Colton,Tampa Bay Lightning,Center,"10/27/2022, 19:13:07",1.0,3.0,4.0,11.0,8.0,17.0,0.0,1.0,56.0,4.0,-2.0,4.0,10.46
8479542,14,Brandon Hagel,Tampa Bay Lightning,Left Wing,"10/27/2022, 19:13:07",3.0,1.0,8.0,14.0,8.0,2.0,1.0,1.0,14.29,9.0,0.0,4.0,16.45
8479984,14,Cal Foote,Tampa Bay Lightning,Defenseman,"10/27/2022, 19:13:07",1.0,0.0,0.0,7.0,6.0,7.0,0.0,0.0,0.0,6.0,3.0,1.0,16.54
8480246,14,Nick Perbix,Tampa Bay Lightning,Defenseman,"10/27/2022, 19:13:07",0.0,1.0,0.0,7.0,5.0,4.0,0.0,0.0,0.0,5.0,0.0,1.0,13.43
8481043,14,Cole Koepke,Tampa Bay Lightning,Left Wing,"10/27/2022, 19:13:08",0.0,0.0,0.0,5.0,6.0,5.0,0.0,0.0,0.0,0.0,-1.0,0.0,7.31
8474176,15,Carl Hagelin,Washington Capitals,Left Wing,"10/27/2022, 19:13:08",,,,,,,,,,,,,
8477015,15,Connor Brown,Washington Capitals,Right Wing,"10/27/2022, 19:13:08",0.0,0.0,0.0,2.0,4.0,6.0,0.0,0.0,40.0,1.0,-3.0,0.0,16.46
8473563,15,Nicklas Backstrom,Washington Capitals,Center,"10/27/2022, 19:13:08",,,,,,,,,,,,,
8476880,15,Tom Wilson,Washington Capitals,Right Wing,"10/27/2022, 19:13:08",,,,,,,,,,,,,
8471214,15,Alex Ovechkin,Washington Capitals,Left Wing,"10/27/2022, 19:13:08",3.0,3.0,2.0,27.0,7.0,29.0,2.0,3.0,0.0,2.0,-7.0,6.0,19.47
8471698,15,T.J. Oshie,Washington Capitals,Right Wing,"10/27/2022, 19:13:08",2.0,3.0,4.0,12.0,7.0,19.0,2.0,2.0,42.86,4.0,0.0,5.0,18.26
8474189,15,Lars Eller,Washington Capitals,Center,"10/27/2022, 19:13:08",2.0,3.0,0.0,9.0,7.0,13.0,0.0,0.0,46.15,1.0,2.0,5.0,14.21
8474590,15,John Carlson,Washington Capitals,Defenseman,"10/27/2022, 19:13:09",2.0,4.0,2.0,22.0,7.0,12.0,0.0,3.0,0.0,18.0,-1.0,6.0,24.14
8475149,15,Marcus Johansson,Washington Capitals,Left Wing,"10/27/2022, 19:13:09",2.0,3.0,0.0,14.0,7.0,3.0,0.0,3.0,33.33,1.0,3.0,5.0,14.35
8475200,15,Dmitry Orlov,Washington Capitals,Defenseman,"10/27/2022, 19:13:09",0.0,4.0,2.0,15.0,7.0,21.0,0.0,1.0,0.0,11.0,1.0,4.0,21.11
8475324,15,Nick Jensen,Washington Capitals,Defenseman,"10/27/2022, 19:13:09",1.0,4.0,2.0,9.0,7.0,7.0,0.0,0.0,0.0,8.0,3.0,5.0,19.3
8475343,15,Nic Dowd,Washington Capitals,Center,"10/27/2022, 19:13:09",3.0,1.0,4.0,6.0,7.0,23.0,0.0,0.0,42.57,6.0,0.0,4.0,12.47
8475625,15,Matt Irwin,Washington Capitals,Defenseman,"10/27/2022, 19:13:09",,,,,,,,,,,,,
8475744,15,Evgeny Kuznetsov,Washington Capitals,Center,"10/27/2022, 19:13:10",0.0,5.0,10.0,9.0,6.0,5.0,0.0,0.0,38.36,1.0,2.0,5.0,18.17
8476979,15,Erik Gustafsson,Washington Capitals,Defenseman,"10/27/2022, 19:13:10",0.0,2.0,0.0,6.0,7.0,8.0,0.0,0.0,0.0,8.0,-2.0,2.0,15.04
8477511,15,Anthony Mantha,Washington Capitals,Right Wing,"10/27/2022, 19:13:10",3.0,1.0,5.0,12.0,7.0,8.0,1.0,1.0,0.0,2.0,-1.0,4.0,14.42
8477839,15,Conor Sheary,Washington Capitals,Left Wing,"10/27/2022, 19:13:10",4.0,1.0,6.0,13.0,7.0,5.0,0.0,1.0,50.0,3.0,0.0,5.0,14.13
8477845,15,Trevor van Riemsdyk,Washington Capitals,Defenseman,"10/27/2022, 19:13:10",0.0,2.0,0.0,3.0,7.0,5.0,0.0,0.0,0.0,13.0,0.0,2.0,15.1
8477903,15,Garnet Hathaway,Washington Capitals,Right Wing,"10/27/2022, 19:13:10",1.0,1.0,6.0,4.0,7.0,24.0,0.0,0.0,50.0,6.0,0.0,2.0,11.2
8478440,15,Dylan Strome,Washington Capitals,Center,"10/27/2022, 19:13:10",1.0,5.0,0.0,10.0,7.0,3.0,1.0,4.0,42.27,4.0,-5.0,6.0,18.06
8480796,15,Martin Fehervary,Washington Capitals,Defenseman,"10/27/2022, 19:13:11",0.0,1.0,2.0,8.0,7.0,29.0,0.0,0.0,0.0,8.0,2.0,1.0,19.15
8481441,15,Joe Snively,Washington Capitals,Center,"10/27/2022, 19:13:11",0.0,0.0,0.0,4.0,2.0,0.0,0.0,0.0,100.0,0.0,1.0,0.0,11.46
8481580,15,Connor McMichael,Washington Capitals,Center,"10/27/2022, 19:13:11",0.0,0.0,5.0,0.0,1.0,1.0,0.0,0.0,50.0,3.0,0.0,0.0,8.33
8481656,15,Aliaksei Protas,Washington Capitals,Center,"10/27/2022, 19:13:11",1.0,1.0,2.0,12.0,7.0,4.0,0.0,0.0,0.0,1.0,0.0,2.0,11.22
8474870,16,Tyler Johnson,Chicago Blackhawks,Center,"10/27/2022, 19:13:11",2.0,4.0,6.0,12.0,6.0,13.0,1.0,3.0,0.0,3.0,1.0,6.0,13.58
8479383,16,Boris Katchouk,Chicago Blackhawks,Left Wing,"10/27/2022, 19:13:11",,,,,,,,,,,,,
8471677,16,Jack Johnson,Chicago Blackhawks,Defenseman,"10/27/2022, 19:13:12",0.0,2.0,0.0,9.0,6.0,9.0,0.0,0.0,0.0,13.0,-4.0,2.0,21.08
8473604,16,Jonathan Toews,Chicago Blackhawks,Center,"10/27/2022, 19:13:12",3.0,1.0,4.0,12.0,6.0,0.0,1.0,1.0,59.55,5.0,2.0,4.0,15.55
8474141,16,Patrick Kane,Chicago Blackhawks,Right Wing,"10/27/2022, 19:13:12",1.0,4.0,2.0,17.0,6.0,2.0,0.0,4.0,0.0,1.0,-1.0,5.0,19.07
8475797,16,Jarred Tinordi,Chicago Blackhawks,Defenseman,"10/27/2022, 19:13:12",0.0,0.0,4.0,7.0,6.0,24.0,0.0,0.0,0.0,8.0,0.0,0.0,16.32
8476278,16,Colin Blackwell,Chicago Blackhawks,Center,"10/27/2022, 19:13:12",0.0,1.0,0.0,6.0,6.0,9.0,0.0,0.0,50.0,4.0,-1.0,1.0,11.21
8476473,16,Connor Murphy,Chicago Blackhawks,Defenseman,"10/27/2022, 19:13:12",1.0,0.0,4.0,5.0,6.0,13.0,0.0,0.0,0.0,20.0,3.0,1.0,19.56
8476915,16,Jujhar Khaira,Chicago Blackhawks,Left Wing,"10/27/2022, 19:13:13",1.0,0.0,2.0,4.0,6.0,17.0,0.0,0.0,60.0,2.0,0.0,1.0,12.04
8476931,16,Jake McCabe,Chicago Blackhawks,Defenseman,"10/27/2022, 19:13:13",0.0,0.0,6.0,4.0,3.0,10.0,0.0,0.0,0.0,7.0,2.0,0.0,17.3
8476960,16,Andreas Athanasiou,Chicago Blackhawks,Center,"10/27/2022, 19:13:13",1.0,2.0,12.0,9.0,6.0,3.0,0.0,1.0,37.5,5.0,0.0,3.0,16.17
8477450,16,Jason Dickinson,Chicago Blackhawks,Center,"10/27/2022, 19:13:13",2.0,3.0,2.0,4.0,4.0,8.0,0.0,0.0,48.48,3.0,2.0,5.0,14.43
8477495,16,Seth Jones,Chicago Blackhawks,Defenseman,"10/27/2022, 19:13:13",0.0,3.0,4.0,12.0,6.0,15.0,0.0,2.0,0.0,15.0,-2.0,3.0,25.16
8477503,16,Max Domi,Chicago Blackhawks,Center,"10/27/2022, 19:13:13",3.0,1.0,8.0,9.0,6.0,5.0,2.0,2.0,65.26,2.0,0.0,4.0,17.33
8478043,16,Sam Lafferty,Chicago Blackhawks,Center,"10/27/2022, 19:13:13",2.0,3.0,11.0,12.0,6.0,15.0,0.0,0.0,55.77,2.0,1.0,5.0,15.33
8478452,16,Caleb Jones,Chicago Blackhawks,Defenseman,"10/27/2022, 19:13:13",0.0,1.0,4.0,1.0,4.0,6.0,0.0,0.0,0.0,3.0,3.0,1.0,16.38
8479390,16,Taylor Raddysh,Chicago Blackhawks,Right Wing,"10/27/2022, 19:13:14",2.0,2.0,0.0,9.0,6.0,8.0,1.0,1.0,100.0,2.0,1.0,4.0,13.51
8480025,16,MacKenzie Entwistle,Chicago Blackhawks,Right Wing,"10/27/2022, 19:13:14",0.0,1.0,2.0,4.0,6.0,9.0,0.0,0.0,54.55,3.0,-1.0,1.0,11.26
8480798,16,Philipp Kurashev,Chicago Blackhawks,Center,"10/27/2022, 19:13:14",2.0,2.0,0.0,7.0,6.0,12.0,0.0,1.0,71.43,3.0,-2.0,4.0,15.27
8481147,16,Reese Johnson,Chicago Blackhawks,Center,"10/27/2022, 19:13:14",0.0,0.0,0.0,0.0,1.0,4.0,0.0,0.0,50.0,0.0,0.0,0.0,10.22
8483619,16,Filip Roos,Chicago Blackhawks,Defenseman,"10/27/2022, 19:13:14",0.0,0.0,0.0,4.0,4.0,5.0,0.0,0.0,0.0,3.0,2.0,0.0,16.44
8477479,17,Tyler Bertuzzi,Detroit Red Wings,Left Wing,"10/27/2022, 19:13:14",0.0,1.0,0.0,4.0,2.0,3.0,0.0,0.0,0.0,1.0,1.0,1.0,13.38
8477952,17,Robby Fabbri,Detroit Red Wings,Center,"10/27/2022, 19:13:15",,,,,,,,,,,,,
8474102,17,David Perron,Detroit Red Wings,Left Wing,"10/27/2022, 19:13:15",4.0,1.0,4.0,14.0,6.0,6.0,2.0,2.0,0.0,3.0,0.0,5.0,15.25
8475279,17,Ben Chiarot,Detroit Red Wings,Defenseman,"10/27/2022, 19:13:15",1.0,1.0,4.0,12.0,6.0,12.0,0.0,0.0,0.0,7.0,1.0,2.0,20.22
8476874,17,Olli Maatta,Detroit Red Wings,Defenseman,"10/27/2022, 19:13:15",1.0,4.0,0.0,8.0,6.0,2.0,0.0,0.0,0.0,13.0,3.0,5.0,19.35
8476897,17,Oskar Sundqvist,Detroit Red Wings,Center,"10/27/2022, 19:13:15",1.0,4.0,8.0,6.0,6.0,9.0,0.0,2.0,66.67,5.0,-2.0,5.0,15.4
8477330,17,Dominik Kubalik,Detroit Red Wings,Left Wing,"10/27/2022, 19:13:15",4.0,6.0,0.0,16.0,6.0,7.0,1.0,4.0,50.0,1.0,2.0,10.0,15.22
8477429,17,Andrew Copp,Detroit Red Wings,Center,"10/27/2022, 19:13:15",0.0,2.0,2.0,6.0,6.0,2.0,0.0,0.0,34.78,2.0,-1.0,2.0,17.3
8477454,17,Adam Erne,Detroit Red Wings,Left Wing,"10/27/2022, 19:13:15",1.0,2.0,2.0,5.0,6.0,17.0,0.0,0.0,0.0,6.0,1.0,3.0,12.24
8477462,17,Robert Hagg,Detroit Red Wings,Defenseman,"10/27/2022, 19:13:16",0.0,2.0,6.0,9.0,6.0,18.0,0.0,0.0,0.0,9.0,-1.0,2.0,16.14
8477851,17,Jordan Oesterle,Detroit Red Wings,Defenseman,"10/27/2022, 19:13:16",,,,,,,,,,,,,
8477946,17,Dylan Larkin,Detroit Red Wings,Center,"10/27/2022, 19:13:16",4.0,4.0,0.0,21.0,6.0,5.0,2.0,3.0,50.85,4.0,4.0,8.0,20.37
8479425,17,Filip Hronek,Detroit Red Wings,Defenseman,"10/27/2022, 19:13:16",0.0,4.0,2.0,11.0,6.0,10.0,0.0,3.0,0.0,4.0,3.0,4.0,21.35
8479644,17,Matt Luff,Detroit Red Wings,Right Wing,"10/27/2022, 19:13:16",,,,,,,,,,,,,
8479992,17,Michael Rasmussen,Detroit Red Wings,Center,"10/27/2022, 19:13:16",1.0,4.0,4.0,7.0,6.0,18.0,0.0,0.0,41.18,9.0,0.0,5.0,13.53
8480184,17,Gustav Lindstrom,Detroit Red Wings,Defenseman,"10/27/2022, 19:13:16",0.0,1.0,2.0,4.0,6.0,8.0,0.0,0.0,0.0,6.0,-1.0,1.0,14.28
8480459,17,Pius Suter,Detroit Red Wings,Center,"10/27/2022, 19:13:17",1.0,2.0,0.0,6.0,5.0,4.0,0.0,0.0,40.0,2.0,1.0,3.0,11.25
8480813,17,Joe Veleno,Detroit Red Wings,Center,"10/27/2022, 19:13:17",1.0,0.0,0.0,4.0,5.0,15.0,0.0,0.0,34.09,3.0,2.0,1.0,11.14
8480821,17,Filip Zadina,Detroit Red Wings,Right Wing,"10/27/2022, 19:13:17",0.0,0.0,2.0,7.0,4.0,5.0,0.0,0.0,0.0,3.0,-2.0,0.0,15.24
8481542,17,Moritz Seider,Detroit Red Wings,Defenseman,"10/27/2022, 19:13:17",0.0,1.0,2.0,15.0,6.0,11.0,0.0,1.0,0.0,13.0,0.0,1.0,21.58
8481725,17,Elmer Soderblom,Detroit Red Wings,Left Wing,"10/27/2022, 19:13:17",2.0,0.0,4.0,12.0,6.0,2.0,0.0,0.0,0.0,4.0,-3.0,2.0,13.42
8482078,17,Lucas Raymond,Detroit Red Wings,Left Wing,"10/27/2022, 19:13:17",0.0,2.0,6.0,14.0,6.0,3.0,0.0,0.0,0.0,0.0,0.0,2.0,19.13
8474151,18,Ryan McDonagh,Nashville Predators,Defenseman,"10/27/2022, 19:13:17",0.0,3.0,0.0,7.0,7.0,7.0,0.0,0.0,0.0,17.0,1.0,3.0,21.11
8474600,18,Roman Josi,Nashville Predators,Defenseman,"10/27/2022, 19:13:17",0.0,1.0,6.0,31.0,7.0,2.0,0.0,0.0,0.0,13.0,-6.0,1.0,25.41
8474697,18,Mark Borowiecki,Nashville Predators,Defenseman,"10/27/2022, 19:13:18",0.0,0.0,12.0,1.0,4.0,5.0,0.0,0.0,0.0,1.0,0.0,0.0,9.55
8475168,18,Matt Duchene,Nashville Predators,Center,"10/27/2022, 19:13:18",2.0,2.0,18.0,21.0,7.0,1.0,1.0,1.0,55.56,5.0,-3.0,4.0,18.46
8475218,18,Mattias Ekholm,Nashville Predators,Defenseman,"10/27/2022, 19:13:18",0.0,2.0,0.0,8.0,7.0,7.0,0.0,0.0,0.0,9.0,2.0,2.0,21.16
8475793,18,Ryan Johansen,Nashville Predators,Center,"10/27/2022, 19:13:18",2.0,2.0,4.0,10.0,7.0,11.0,0.0,1.0,65.29,1.0,-2.0,4.0,16.5
8475798,18,Mikael Granlund,Nashville Predators,Center,"10/27/2022, 19:13:18",0.0,6.0,2.0,10.0,7.0,9.0,0.0,2.0,45.74,6.0,-7.0,6.0,20.34
8475799,18,Nino Niederreiter,Nashville Predators,Right Wing,"10/27/2022, 19:13:18",4.0,1.0,2.0,15.0,7.0,17.0,1.0,1.0,50.0,2.0,-2.0,5.0,16.16
8476887,18,Filip Forsberg,Nashville Predators,Left Wing,"10/27/2022, 19:13:18",2.0,2.0,0.0,21.0,7.0,9.0,0.0,1.0,0.0,2.0,-5.0,4.0,18.51
8476925,18,Colton Sissons,Nashville Predators,Center,"10/27/2022, 19:13:19",0.0,3.0,0.0,8.0,7.0,17.0,0.0,0.0,56.25,5.0,1.0,3.0,14.55
8477446,18,Michael McCarron,Nashville Predators,Right Wing,"10/27/2022, 19:13:19",0.0,0.0,0.0,1.0,2.0,8.0,0.0,0.0,41.67,2.0,-1.0,0.0,9.17
8477482,18,Zach Sanford,Nashville Predators,Left Wing,"10/27/2022, 19:13:19",0.0,0.0,0.0,3.0,2.0,4.0,0.0,0.0,0.0,0.0,0.0,0.0,8.54
8478468,18,Jeremy Lauzon,Nashville Predators,Defenseman,"10/27/2022, 19:13:19",0.0,0.0,6.0,0.0,3.0,13.0,0.0,0.0,0.0,5.0,-1.0,0.0,14.11
8478508,18,Yakov Trenin,Nashville Predators,Center,"10/27/2022, 19:13:19",1.0,1.0,4.0,7.0,7.0,12.0,0.0,0.0,50.0,2.0,0.0,2.0,14.04
8478851,18,Alexandre Carrier,Nashville Predators,Defenseman,"10/27/2022, 19:13:19",0.0,0.0,2.0,9.0,7.0,11.0,0.0,0.0,0.0,8.0,-1.0,0.0,17.33
8479371,18,Dante Fabbro,Nashville Predators,Defenseman,"10/27/2022, 19:13:19",0.0,1.0,4.0,10.0,7.0,9.0,0.0,0.0,0.0,9.0,-2.0,1.0,16.1
8479661,18,Tanner Jeannot,Nashville Predators,Left Wing,"10/27/2022, 19:13:20",2.0,1.0,11.0,13.0,7.0,26.0,0.0,0.0,50.0,4.0,-1.0,3.0,15.56
8479996,18,Cody Glass,Nashville Predators,Center,"10/27/2022, 19:13:20",1.0,1.0,2.0,7.0,6.0,3.0,0.0,0.0,42.11,2.0,1.0,2.0,11.35
8480009,18,Eeli Tolvanen,Nashville Predators,Right Wing,"10/27/2022, 19:13:20",1.0,2.0,2.0,11.0,7.0,10.0,0.0,0.0,33.33,12.0,-1.0,3.0,14.18
8480748,18,Kiefer Sherwood,Nashville Predators,Left Wing,"10/27/2022, 19:13:20",1.0,1.0,2.0,4.0,4.0,6.0,0.0,0.0,100.0,0.0,2.0,2.0,10.12
8482062,18,Cole Smith,Nashville Predators,Left Wing,"10/27/2022, 19:13:20",0.0,1.0,9.0,5.0,7.0,15.0,0.0,0.0,0.0,2.0,1.0,1.0,10.53
8477402,19,Pavel Buchnevich,St. Louis Blues,Left Wing,"10/27/2022, 19:13:20",1.0,1.0,0.0,4.0,1.0,1.0,1.0,1.0,0.0,0.0,3.0,2.0,18.5
8481059,19,Scott Perunovich,St. Louis Blues,Defenseman,"10/27/2022, 19:13:21",,,,,,,,,,,,,
8474618,19,Marco Scandella,St. Louis Blues,Defenseman,"10/27/2022, 19:13:21",,,,,,,,,,,,,
8474145,19,Robert Bortuzzo,St. Louis Blues,Defenseman,"10/27/2022, 19:13:21",0.0,0.0,2.0,2.0,5.0,4.0,0.0,0.0,0.0,6.0,0.0,0.0,12.15
8475158,19,Ryan O'Reilly,St. Louis Blues,Center,"10/27/2022, 19:13:21",1.0,0.0,0.0,13.0,5.0,1.0,1.0,1.0,52.05,2.0,-5.0,1.0,19.02
8475170,19,Brayden Schenn,St. Louis Blues,Center,"10/27/2022, 19:13:21",1.0,5.0,4.0,6.0,5.0,7.0,0.0,2.0,25.0,2.0,0.0,6.0,18.2
8475181,19,Nick Leddy,St. Louis Blues,Defenseman,"10/27/2022, 19:13:21",0.0,2.0,0.0,5.0,5.0,5.0,0.0,0.0,0.0,11.0,-2.0,2.0,23.01
8475752,19,Tyler Pitlick,St. Louis Blues,Center,"10/27/2022, 19:13:22",0.0,0.0,0.0,0.0,1.0,2.0,0.0,0.0,0.0,0.0,-1.0,0.0,8.47
8475753,19,Justin Faulk,St. Louis Blues,Defenseman,"10/27/2022, 19:13:22",3.0,2.0,2.0,16.0,5.0,9.0,0.0,1.0,0.0,9.0,2.0,5.0,22.07
8475765,19,Vladimir Tarasenko,St. Louis Blues,Right Wing,"10/27/2022, 19:13:22",2.0,4.0,0.0,17.0,5.0,4.0,0.0,1.0,0.0,2.0,3.0,6.0,17.57
8476410,19,Josh Leivo,St. Louis Blues,Left Wing,"10/27/2022, 19:13:22",0.0,0.0,0.0,3.0,2.0,3.0,0.0,0.0,0.0,1.0,-1.0,0.0,9.46
8476438,19,Brandon Saad,St. Louis Blues,Left Wing,"10/27/2022, 19:13:22",0.0,0.0,0.0,5.0,3.0,1.0,0.0,0.0,0.0,1.0,-2.0,0.0,15.53
8476792,19,Torey Krug,St. Louis Blues,Defenseman,"10/27/2022, 19:13:22",1.0,1.0,0.0,10.0,5.0,0.0,1.0,2.0,0.0,8.0,-4.0,2.0,20.37
8476892,19,Colton Parayko,St. Louis Blues,Defenseman,"10/27/2022, 19:13:22",0.0,1.0,0.0,7.0,5.0,7.0,0.0,0.0,0.0,4.0,-3.0,1.0,23.27
8477573,19,Nathan Walker,St. Louis Blues,Left Wing,"10/27/2022, 19:13:23",0.0,0.0,2.0,5.0,5.0,8.0,0.0,0.0,0.0,6.0,0.0,0.0,11.05
8477964,19,Ivan Barbashev,St. Louis Blues,Center,"10/27/2022, 19:13:23",1.0,0.0,2.0,11.0,5.0,10.0,0.0,0.0,35.71,2.0,0.0,1.0,15.35
8478569,19,Noel Acciari,St. Louis Blues,Center,"10/27/2022, 19:13:23",0.0,0.0,2.0,2.0,5.0,16.0,0.0,0.0,63.83,8.0,-2.0,0.0,13.02
8478859,19,Niko Mikkola,St. Louis Blues,Defenseman,"10/27/2022, 19:13:23",0.0,0.0,6.0,3.0,5.0,12.0,0.0,0.0,0.0,15.0,2.0,0.0,14.03
8479366,19,Logan Brown,St. Louis Blues,Center,"10/27/2022, 19:13:23",0.0,0.0,0.0,2.0,2.0,2.0,0.0,0.0,23.08,2.0,-1.0,0.0,11.07
8479385,19,Jordan Kyrou,St. Louis Blues,Center,"10/27/2022, 19:13:23",1.0,0.0,2.0,16.0,5.0,1.0,0.0,0.0,100.0,4.0,-6.0,1.0,19.12
8480023,19,Robert Thomas,St. Louis Blues,Center,"10/27/2022, 19:13:24",0.0,4.0,0.0,3.0,5.0,0.0,0.0,0.0,55.91,4.0,1.0,4.0,20.31
8480157,19,Calle Rosen,St. Louis Blues,Defenseman,"10/27/2022, 19:13:24",0.0,0.0,0.0,0.0,1.0,1.0,0.0,0.0,0.0,0.0,0.0,0.0,5.19
8480281,19,Alexey Toropchenko,St. Louis Blues,Right Wing,"10/27/2022, 19:13:24",0.0,0.0,2.0,3.0,5.0,11.0,0.0,0.0,0.0,2.0,-1.0,0.0,10.38
8482089,19,Jake Neighbours,St. Louis Blues,Left Wing,"10/27/2022, 19:13:24",1.0,0.0,4.0,5.0,5.0,7.0,0.0,0.0,0.0,1.0,-2.0,1.0,12.03
8473453,20,Trevor Lewis,Calgary Flames,Center,"10/27/2022, 19:13:24",1.0,0.0,2.0,13.0,6.0,7.0,0.0,0.0,33.33,3.0,2.0,1.0,13.5
8473473,20,Milan Lucic,Calgary Flames,Left Wing,"10/27/2022, 19:13:24",0.0,2.0,4.0,6.0,6.0,16.0,0.0,0.0,57.14,2.0,1.0,2.0,10.35
8474150,20,Mikael Backlund,Calgary Flames,Center,"10/27/2022, 19:13:24",2.0,0.0,4.0,26.0,6.0,7.0,0.0,0.0,60.42,2.0,-1.0,2.0,17.44
8474628,20,Michael Stone,Calgary Flames,Defenseman,"10/27/2022, 19:13:25",2.0,3.0,2.0,14.0,6.0,5.0,0.0,1.0,0.0,7.0,3.0,5.0,14.02
8475172,20,Nazem Kadri,Calgary Flames,Center,"10/27/2022, 19:13:25",4.0,5.0,2.0,21.0,6.0,6.0,2.0,5.0,44.44,4.0,1.0,9.0,16.58
8475690,20,Chris Tanev,Calgary Flames,Defenseman,"10/27/2022, 19:13:25",0.0,0.0,2.0,9.0,6.0,3.0,0.0,0.0,0.0,12.0,-1.0,0.0,20.4
8475726,20,Tyler Toffoli,Calgary Flames,Right Wing,"10/27/2022, 19:13:25",3.0,2.0,4.0,21.0,6.0,3.0,2.0,3.0,0.0,2.0,0.0,5.0,15.33
8476399,20,Blake Coleman,Calgary Flames,Center,"10/27/2022, 19:13:25",0.0,2.0,6.0,10.0,6.0,13.0,0.0,0.0,100.0,6.0,0.0,2.0,14.37
8476439,20,Brett Ritchie,Calgary Flames,Right Wing,"10/27/2022, 19:13:25",2.0,1.0,2.0,9.0,6.0,14.0,0.0,0.0,0.0,0.0,3.0,3.0,10.0
8476456,20,Jonathan Huberdeau,Calgary Flames,Center,"10/27/2022, 19:13:25",1.0,4.0,0.0,8.0,6.0,6.0,1.0,4.0,0.0,6.0,-1.0,5.0,16.05
8477346,20,MacKenzie Weegar,Calgary Flames,Defenseman,"10/27/2022, 19:13:26",0.0,3.0,2.0,9.0,6.0,14.0,0.0,0.0,0.0,9.0,0.0,3.0,21.12
8477496,20,Elias Lindholm,Calgary Flames,Center,"10/27/2022, 19:13:26",2.0,0.0,0.0,10.0,6.0,6.0,2.0,2.0,55.37,2.0,-3.0,2.0,19.21
8477507,20,Nikita Zadorov,Calgary Flames,Defenseman,"10/27/2022, 19:13:26",1.0,0.0,8.0,9.0,6.0,17.0,0.0,0.0,0.0,3.0,4.0,1.0,18.12
8478233,20,Andrew Mangiapane,Calgary Flames,Left Wing,"10/27/2022, 19:13:26",2.0,2.0,0.0,14.0,6.0,3.0,0.0,0.0,0.0,1.0,-2.0,4.0,16.32
8478396,20,Noah Hanifin,Calgary Flames,Defenseman,"10/27/2022, 19:13:26",0.0,0.0,4.0,12.0,5.0,10.0,0.0,0.0,0.0,4.0,-1.0,0.0,21.09
8478397,20,Rasmus Andersson,Calgary Flames,Defenseman,"10/27/2022, 19:13:26",1.0,6.0,8.0,12.0,6.0,5.0,0.0,4.0,0.0,6.0,-1.0,7.0,23.53
8479291,20,Kevin Rooney,Calgary Flames,Center,"10/27/2022, 19:13:27",0.0,1.0,0.0,4.0,6.0,11.0,0.0,0.0,45.71,1.0,2.0,1.0,9.23
8479346,20,Dillon Dube,Calgary Flames,Center,"10/27/2022, 19:13:27",1.0,3.0,4.0,13.0,6.0,7.0,0.0,0.0,55.56,2.0,1.0,4.0,15.33
8480008,20,Adam Ruzicka,Calgary Flames,Center,"10/27/2022, 19:13:27",,,,,,,,,,,,,
8482067,20,Connor Mackey,Calgary Flames,Defenseman,"10/27/2022, 19:13:27",0.0,0.0,0.0,0.0,1.0,3.0,0.0,0.0,0.0,1.0,0.0,0.0,10.5
8471794,21,Darren Helm,Colorado Avalanche,Center,"10/27/2022, 19:13:27",,,,,,,,,,,,,
8471699,21,Andrew Cogliano,Colorado Avalanche,Center,"10/27/2022, 19:13:27",1.0,2.0,2.0,11.0,7.0,6.0,0.0,0.0,0.0,6.0,3.0,3.0,13.43
8473446,21,Erik Johnson,Colorado Avalanche,Defenseman,"10/27/2022, 19:13:27",0.0,2.0,2.0,11.0,7.0,14.0,0.0,0.0,0.0,14.0,3.0,2.0,15.39
8476312,21,Josh Manson,Colorado Avalanche,Defenseman,"10/27/2022, 19:13:27",1.0,0.0,17.0,6.0,7.0,20.0,0.0,0.0,0.0,4.0,-1.0,1.0,17.38
8477073,21,Kurtis MacDermid,Colorado Avalanche,Defenseman,"10/27/2022, 19:13:28",0.0,0.0,7.0,0.0,4.0,17.0,0.0,0.0,0.0,1.0,-1.0,0.0,7.15
8477456,21,J.T. Compher,Colorado Avalanche,Left Wing,"10/27/2022, 19:13:28",0.0,1.0,4.0,7.0,7.0,6.0,0.0,0.0,48.57,6.0,1.0,1.0,16.28
8477476,21,Artturi Lehkonen,Colorado Avalanche,Left Wing,"10/27/2022, 19:13:28",2.0,3.0,6.0,17.0,7.0,10.0,2.0,5.0,0.0,6.0,-2.0,5.0,20.32
8477492,21,Nathan MacKinnon,Colorado Avalanche,Center,"10/27/2022, 19:13:28",3.0,7.0,8.0,34.0,7.0,12.0,2.0,4.0,53.74,3.0,3.0,10.0,21.55
8477501,21,Valeri Nichushkin,Colorado Avalanche,Right Wing,"10/27/2022, 19:13:28",7.0,5.0,0.0,26.0,7.0,12.0,5.0,6.0,0.0,5.0,1.0,12.0,20.27
8478038,21,Devon Toews,Colorado Avalanche,Defenseman,"10/27/2022, 19:13:28",0.0,3.0,0.0,10.0,5.0,3.0,0.0,0.0,0.0,14.0,0.0,3.0,22.07
8478211,21,Dryden Hunt,Colorado Avalanche,Left Wing,"10/27/2022, 19:13:28",1.0,0.0,4.0,4.0,6.0,22.0,0.0,0.0,0.0,2.0,-2.0,1.0,7.18
8478420,21,Mikko Rantanen,Colorado Avalanche,Right Wing,"10/27/2022, 19:13:28",3.0,6.0,4.0,23.0,7.0,7.0,0.0,6.0,33.33,2.0,-2.0,9.0,21.03
8478542,21,Evan Rodrigues,Colorado Avalanche,Center,"10/27/2022, 19:13:29",2.0,0.0,6.0,13.0,7.0,7.0,1.0,1.0,57.14,1.0,-3.0,2.0,15.56
8479398,21,Samuel Girard,Colorado Avalanche,Defenseman,"10/27/2022, 19:13:29",1.0,2.0,4.0,12.0,7.0,9.0,0.0,1.0,0.0,4.0,0.0,3.0,19.07
8479573,21,Mikhail Maltsev,Colorado Avalanche,Left Wing,"10/27/2022, 19:13:29",0.0,0.0,0.0,0.0,1.0,2.0,0.0,0.0,100.0,0.0,0.0,0.0,5.54
8480069,21,Cale Makar,Colorado Avalanche,Defenseman,"10/27/2022, 19:13:29",0.0,7.0,4.0,15.0,7.0,10.0,0.0,6.0,0.0,12.0,0.0,7.0,26.13
8481186,21,Logan O'Connor,Colorado Avalanche,Right Wing,"10/27/2022, 19:13:29",1.0,1.0,4.0,8.0,7.0,16.0,0.0,0.0,0.0,1.0,4.0,2.0,13.21
8481524,21,Bowen Byram,Colorado Avalanche,Defenseman,"10/27/2022, 19:13:30",2.0,3.0,2.0,10.0,7.0,12.0,0.0,1.0,0.0,8.0,6.0,5.0,21.15
8481618,21,Alex Newhook,Colorado Avalanche,Center,"10/27/2022, 19:13:30",0.0,0.0,4.0,10.0,7.0,5.0,0.0,0.0,32.0,2.0,-4.0,0.0,13.19
8475169,22,Evander Kane,Edmonton Oilers,Left Wing,"10/27/2022, 19:13:30",2.0,4.0,8.0,30.0,7.0,33.0,0.0,2.0,50.0,4.0,2.0,6.0,20.5
8475197,22,Tyson Barrie,Edmonton Oilers,Defenseman,"10/27/2022, 19:13:30",1.0,2.0,0.0,13.0,7.0,4.0,1.0,3.0,0.0,3.0,3.0,3.0,19.16
8475786,22,Zach Hyman,Edmonton Oilers,Left Wing,"10/27/2022, 19:13:30",3.0,5.0,4.0,21.0,7.0,10.0,1.0,2.0,33.33,3.0,4.0,8.0,19.52
8476454,22,Ryan Nugent-Hopkins,Edmonton Oilers,Center,"10/27/2022, 19:13:30",4.0,4.0,6.0,21.0,7.0,7.0,0.0,3.0,46.58,5.0,1.0,8.0,19.17
8476850,22,Ryan Murray,Edmonton Oilers,Defenseman,"10/27/2022, 19:13:31",0.0,1.0,2.0,7.0,7.0,4.0,0.0,0.0,0.0,6.0,-4.0,1.0,12.06
8476879,22,Cody Ceci,Edmonton Oilers,Defenseman,"10/27/2022, 19:13:31",1.0,1.0,0.0,8.0,7.0,6.0,0.0,0.0,0.0,10.0,5.0,2.0,20.22
8476913,22,Devin Shore,Edmonton Oilers,Center,"10/27/2022, 19:13:31",0.0,0.0,0.0,4.0,6.0,9.0,0.0,0.0,80.0,4.0,1.0,0.0,7.25
8476967,22,Brett Kulak,Edmonton Oilers,Defenseman,"10/27/2022, 19:13:31",0.0,1.0,4.0,7.0,7.0,5.0,0.0,0.0,0.0,11.0,6.0,1.0,16.21
8477498,22,Darnell Nurse,Edmonton Oilers,Defenseman,"10/27/2022, 19:13:31",2.0,3.0,10.0,12.0,7.0,17.0,0.0,1.0,0.0,17.0,4.0,5.0,23.48
8477934,22,Leon Draisaitl,Edmonton Oilers,Center,"10/27/2022, 19:13:31",3.0,9.0,6.0,24.0,7.0,1.0,2.0,5.0,54.66,5.0,3.0,12.0,22.26
8477998,22,Warren Foegele,Edmonton Oilers,Left Wing,"10/27/2022, 19:13:31",0.0,1.0,6.0,9.0,6.0,12.0,0.0,0.0,100.0,2.0,0.0,1.0,11.26
8478402,22,Connor McDavid,Edmonton Oilers,Center,"10/27/2022, 19:13:32",5.0,6.0,4.0,25.0,7.0,10.0,3.0,5.0,54.67,2.0,2.0,11.0,22.59
8478585,22,Derek Ryan,Edmonton Oilers,Center,"10/27/2022, 19:13:32",0.0,1.0,2.0,4.0,6.0,6.0,0.0,0.0,48.15,6.0,0.0,1.0,9.48
8479338,22,Markus Niemelainen,Edmonton Oilers,Defenseman,"10/27/2022, 19:13:32",0.0,0.0,0.0,0.0,5.0,12.0,0.0,0.0,0.0,1.0,-1.0,0.0,8.3
8479344,22,Jesse Puljujarvi,Edmonton Oilers,Right Wing,"10/27/2022, 19:13:32",1.0,0.0,2.0,10.0,7.0,16.0,0.0,0.0,0.0,3.0,-4.0,1.0,12.25
8479977,22,Kailer Yamamoto,Edmonton Oilers,Right Wing,"10/27/2022, 19:13:32",0.0,1.0,0.0,8.0,6.0,10.0,0.0,0.0,0.0,2.0,2.0,1.0,17.51
8480802,22,Ryan McLeod,Edmonton Oilers,Center,"10/27/2022, 19:13:32",3.0,0.0,6.0,6.0,7.0,4.0,0.0,0.0,46.15,0.0,2.0,3.0,14.5
8480803,22,Evan Bouchard,Edmonton Oilers,Defenseman,"10/27/2022, 19:13:33",0.0,2.0,0.0,22.0,7.0,16.0,0.0,0.0,0.0,4.0,-2.0,2.0,18.03
8482077,22,Dylan Holloway,Edmonton Oilers,Left Wing,"10/27/2022, 19:13:33",0.0,0.0,0.0,2.0,3.0,7.0,0.0,0.0,0.0,1.0,-2.0,0.0,6.46
8477359,23,Tucker Poolman,Vancouver Canucks,Defenseman,"10/27/2022, 19:13:33",0.0,1.0,0.0,3.0,3.0,2.0,0.0,0.0,0.0,2.0,1.0,1.0,13.57
8477508,23,Curtis Lazar,Vancouver Canucks,Center,"10/27/2022, 19:13:33",1.0,0.0,2.0,6.0,7.0,17.0,0.0,0.0,39.13,8.0,3.0,1.0,11.43
8478408,23,Travis Dermott,Vancouver Canucks,Defenseman,"10/27/2022, 19:13:33",,,,,,,,,,,,,
8478444,23,Brock Boeser,Vancouver Canucks,Right Wing,"10/27/2022, 19:13:33",0.0,4.0,4.0,9.0,6.0,0.0,0.0,0.0,40.0,2.0,-3.0,4.0,16.39
8480800,23,Quinn Hughes,Vancouver Canucks,Defenseman,"10/27/2022, 19:13:33",0.0,5.0,2.0,11.0,5.0,0.0,0.0,1.0,0.0,8.0,1.0,5.0,27.13
8475413,23,Justin Dowling,Vancouver Canucks,Center,"10/27/2022, 19:13:34",,,,,,,,,,,,,
8474568,23,Luke Schenn,Vancouver Canucks,Defenseman,"10/27/2022, 19:13:34",0.0,1.0,11.0,9.0,7.0,25.0,0.0,0.0,0.0,9.0,1.0,1.0,18.06
8474574,23,Tyler Myers,Vancouver Canucks,Defenseman,"10/27/2022, 19:13:34",0.0,1.0,4.0,6.0,4.0,7.0,0.0,0.0,0.0,7.0,0.0,1.0,22.22
8475171,23,Oliver Ekman-Larsson,Vancouver Canucks,Defenseman,"10/27/2022, 19:13:34",0.0,4.0,0.0,13.0,7.0,11.0,0.0,0.0,0.0,6.0,-3.0,4.0,22.5
8476468,23,J.T. Miller,Vancouver Canucks,Center,"10/27/2022, 19:13:34",4.0,1.0,4.0,14.0,7.0,15.0,2.0,3.0,43.24,3.0,-5.0,5.0,20.2
8476871,23,Tanner Pearson,Vancouver Canucks,Left Wing,"10/27/2022, 19:13:34",0.0,4.0,10.0,8.0,7.0,8.0,0.0,1.0,50.0,2.0,-2.0,4.0,14.01
8477335,23,Kyle Burroughs,Vancouver Canucks,Defenseman,"10/27/2022, 19:13:34",1.0,0.0,5.0,10.0,6.0,23.0,0.0,0.0,0.0,13.0,-3.0,1.0,19.0
8477500,23,Bo Horvat,Vancouver Canucks,Center,"10/27/2022, 19:13:35",4.0,2.0,2.0,20.0,7.0,4.0,0.0,2.0,56.44,4.0,-2.0,6.0,19.4
8478057,23,Dakota Joshua,Vancouver Canucks,Center,"10/27/2022, 19:13:35",1.0,1.0,4.0,6.0,7.0,19.0,0.0,0.0,50.0,1.0,2.0,2.0,9.59
8478454,23,Noah Juulsen,Vancouver Canucks,Defenseman,"10/27/2022, 19:13:35",0.0,0.0,0.0,1.0,2.0,4.0,0.0,0.0,0.0,3.0,-1.0,0.0,11.03
8478465,23,Guillaume Brisebois,Vancouver Canucks,Defenseman,"10/27/2022, 19:13:35",0.0,0.0,0.0,1.0,1.0,1.0,0.0,0.0,0.0,3.0,0.0,0.0,15.21
8478856,23,Conor Garland,Vancouver Canucks,Right Wing,"10/27/2022, 19:13:35",2.0,0.0,0.0,9.0,6.0,1.0,1.0,1.0,0.0,1.0,-1.0,2.0,14.34
8479367,23,William Lockwood,Vancouver Canucks,Right Wing,"10/27/2022, 19:13:36",,,,,,,,,,,,,
8479388,23,Riley Stillman,Vancouver Canucks,Defenseman,"10/27/2022, 19:13:36",0.0,0.0,7.0,5.0,5.0,10.0,0.0,0.0,0.0,4.0,-3.0,0.0,12.36
8480012,23,Elias Pettersson,Vancouver Canucks,Center,"10/27/2022, 19:13:36",3.0,4.0,0.0,22.0,7.0,8.0,0.0,2.0,44.05,8.0,-4.0,7.0,20.23
8480056,23,Jack Rathbone,Vancouver Canucks,Defenseman,"10/27/2022, 19:13:36",0.0,0.0,0.0,4.0,2.0,0.0,0.0,0.0,0.0,2.0,-4.0,0.0,17.39
8480326,23,Sheldon Dries,Vancouver Canucks,Center,"10/27/2022, 19:13:36",,,,,,,,,,,,,
8481535,23,Nils Hoglander,Vancouver Canucks,Left Wing,"10/27/2022, 19:13:36",0.0,1.0,2.0,7.0,5.0,5.0,0.0,0.0,0.0,0.0,-1.0,1.0,13.18
8481617,23,Vasily Podkolzin,Vancouver Canucks,Right Wing,"10/27/2022, 19:13:36",0.0,2.0,0.0,13.0,7.0,11.0,0.0,0.0,33.33,4.0,-2.0,2.0,14.4
8481624,23,Ilya Mikheyev,Vancouver Canucks,Right Wing,"10/27/2022, 19:13:36",0.0,1.0,0.0,3.0,4.0,1.0,0.0,1.0,0.0,1.0,-2.0,1.0,17.29
8482496,23,Nils Aman,Vancouver Canucks,Center,"10/27/2022, 19:13:37",1.0,1.0,0.0,2.0,7.0,5.0,0.0,0.0,39.58,2.0,1.0,2.0,11.29
8483808,23,Andrei Kuzmenko,Vancouver Canucks,Left Wing,"10/27/2022, 19:13:37",1.0,1.0,0.0,21.0,7.0,0.0,1.0,1.0,0.0,3.0,-6.0,2.0,15.29
8480001,24,Urho Vaakanainen,Anaheim Ducks,Defenseman,"10/27/2022, 19:13:37",,,,,,,,,,,,,
8474031,24,Kevin Shattenkirk,Anaheim Ducks,Defenseman,"10/27/2022, 19:13:37",0.0,1.0,6.0,14.0,7.0,5.0,0.0,0.0,0.0,9.0,1.0,1.0,17.29
8474641,24,Adam Henrique,Anaheim Ducks,Center,"10/27/2022, 19:13:37",0.0,1.0,0.0,9.0,7.0,8.0,0.0,0.0,37.93,3.0,-3.0,1.0,15.0
8474683,24,Derek Grant,Anaheim Ducks,Center,"10/27/2022, 19:13:37",1.0,0.0,6.0,7.0,7.0,8.0,0.0,0.0,50.0,4.0,-1.0,1.0,13.26
8475164,24,Jakob Silfverberg,Anaheim Ducks,Right Wing,"10/27/2022, 19:13:37",2.0,0.0,0.0,8.0,6.0,1.0,0.0,0.0,50.0,5.0,0.0,2.0,15.09
8475179,24,Dmitry Kulikov,Anaheim Ducks,Defenseman,"10/27/2022, 19:13:38",0.0,2.0,2.0,5.0,7.0,13.0,0.0,0.0,0.0,14.0,-6.0,2.0,19.57
8475764,24,Cam Fowler,Anaheim Ducks,Defenseman,"10/27/2022, 19:13:38",0.0,1.0,2.0,9.0,7.0,0.0,0.0,0.0,0.0,11.0,-1.0,1.0,25.29
8475906,24,John Klingberg,Anaheim Ducks,Defenseman,"10/27/2022, 19:13:38",0.0,2.0,0.0,8.0,7.0,5.0,0.0,1.0,0.0,9.0,-5.0,2.0,22.35
8476458,24,Ryan Strome,Anaheim Ducks,Center,"10/27/2022, 19:13:38",1.0,3.0,2.0,9.0,7.0,5.0,1.0,1.0,50.71,2.0,-3.0,4.0,18.39
8476470,24,Nathan Beaulieu,Anaheim Ducks,Defenseman,"10/27/2022, 19:13:38",0.0,0.0,4.0,1.0,3.0,5.0,0.0,0.0,0.0,8.0,-1.0,0.0,14.2
8478366,24,Frank Vatrano,Anaheim Ducks,Right Wing,"10/27/2022, 19:13:39",3.0,0.0,4.0,19.0,7.0,8.0,0.0,0.0,0.0,12.0,-4.0,3.0,17.13
8478841,24,Colton White,Anaheim Ducks,Defenseman,"10/27/2022, 19:13:39",0.0,0.0,0.0,1.0,1.0,1.0,0.0,0.0,0.0,1.0,-1.0,0.0,13.38
8478873,24,Troy Terry,Anaheim Ducks,Right Wing,"10/27/2022, 19:13:39",4.0,5.0,6.0,20.0,7.0,4.0,0.0,1.0,0.0,2.0,2.0,9.0,18.34
8479368,24,Max Jones,Anaheim Ducks,Left Wing,"10/27/2022, 19:13:39",0.0,1.0,8.0,8.0,7.0,12.0,0.0,0.0,50.0,1.0,-2.0,1.0,10.52
8480031,24,Max Comtois,Anaheim Ducks,Left Wing,"10/27/2022, 19:13:39",1.0,0.0,28.0,6.0,7.0,13.0,0.0,0.0,66.67,0.0,-1.0,1.0,12.18
8480806,24,Isac Lundestrom,Anaheim Ducks,Center,"10/27/2022, 19:13:39",0.0,2.0,2.0,12.0,7.0,2.0,0.0,0.0,50.0,3.0,-2.0,2.0,14.01
8481122,24,Simon Benoit,Anaheim Ducks,Defenseman,"10/27/2022, 19:13:40",0.0,0.0,0.0,3.0,3.0,9.0,0.0,0.0,0.0,1.0,1.0,0.0,13.03
8481517,24,Brett Leason,Anaheim Ducks,Right Wing,"10/27/2022, 19:13:40",0.0,0.0,0.0,0.0,3.0,1.0,0.0,0.0,0.0,1.0,-3.0,0.0,10.0
8481533,24,Trevor Zegras,Anaheim Ducks,Center,"10/27/2022, 19:13:40",4.0,1.0,2.0,14.0,7.0,8.0,1.0,2.0,39.39,1.0,-2.0,5.0,18.35
8482142,24,Jamie Drysdale,Anaheim Ducks,Defenseman,"10/27/2022, 19:13:40",0.0,0.0,2.0,7.0,7.0,6.0,0.0,0.0,0.0,6.0,-3.0,0.0,19.05
8482745,24,Mason McTavish,Anaheim Ducks,Center,"10/27/2022, 19:13:40",0.0,4.0,6.0,12.0,7.0,3.0,0.0,1.0,57.14,1.0,-3.0,4.0,14.5
8483630,24,Pavol Regenda,Anaheim Ducks,Left Wing,"10/27/2022, 19:13:40",0.0,2.0,0.0,5.0,5.0,3.0,0.0,0.0,50.0,3.0,-1.0,2.0,10.14
8470600,25,Ryan Suter,Dallas Stars,Defenseman,"10/27/2022, 19:13:40",0.0,2.0,4.0,4.0,7.0,8.0,0.0,1.0,0.0,9.0,-3.0,2.0,23.01
8470794,25,Joe Pavelski,Dallas Stars,Center,"10/27/2022, 19:13:40",4.0,3.0,0.0,20.0,7.0,9.0,1.0,2.0,42.86,5.0,5.0,7.0,15.2
8473994,25,Jamie Benn,Dallas Stars,Left Wing,"10/27/2022, 19:13:41",0.0,3.0,4.0,11.0,7.0,12.0,0.0,2.0,60.29,2.0,-1.0,3.0,13.59
8475794,25,Tyler Seguin,Dallas Stars,Center,"10/27/2022, 19:13:41",2.0,4.0,2.0,17.0,7.0,10.0,1.0,3.0,50.48,1.0,0.0,6.0,17.01
8475825,25,Jani Hakanpaa,Dallas Stars,Defenseman,"10/27/2022, 19:13:41",1.0,0.0,19.0,9.0,7.0,29.0,0.0,0.0,0.0,10.0,1.0,1.0,18.11
8476525,25,Colin Miller,Dallas Stars,Defenseman,"10/27/2022, 19:13:41",0.0,0.0,15.0,5.0,7.0,9.0,0.0,0.0,0.0,9.0,3.0,0.0,17.13
8476822,25,Luke Glendening,Dallas Stars,Center,"10/27/2022, 19:13:41",1.0,0.0,4.0,6.0,7.0,10.0,0.0,0.0,69.57,6.0,3.0,1.0,12.08
8476889,25,Radek Faksa,Dallas Stars,Center,"10/27/2022, 19:13:41",0.0,1.0,4.0,3.0,7.0,7.0,0.0,0.0,45.1,2.0,3.0,1.0,12.43
8476902,25,Esa Lindell,Dallas Stars,Defenseman,"10/27/2022, 19:13:42",1.0,2.0,6.0,6.0,7.0,8.0,0.0,0.0,0.0,9.0,4.0,3.0,19.4
8477810,25,Joel Hanley,Dallas Stars,Defenseman,"10/27/2022, 19:13:42",0.0,0.0,0.0,2.0,1.0,1.0,0.0,0.0,0.0,0.0,1.0,0.0,12.14
8478449,25,Roope Hintz,Dallas Stars,Center,"10/27/2022, 19:13:42",2.0,5.0,0.0,13.0,7.0,3.0,0.0,1.0,53.33,5.0,4.0,7.0,15.55
8478495,25,Denis Gurianov,Dallas Stars,Right Wing,"10/27/2022, 19:13:42",0.0,0.0,2.0,10.0,6.0,2.0,0.0,0.0,0.0,5.0,-1.0,0.0,12.48
8478975,25,Mason Marchment,Dallas Stars,Left Wing,"10/27/2022, 19:13:42",3.0,3.0,2.0,20.0,7.0,15.0,1.0,2.0,0.0,4.0,0.0,6.0,16.12
8480027,25,Jason Robertson,Dallas Stars,Left Wing,"10/27/2022, 19:13:42",2.0,5.0,2.0,20.0,7.0,4.0,1.0,3.0,0.0,0.0,4.0,7.0,16.17
8480036,25,Miro Heiskanen,Dallas Stars,Defenseman,"10/27/2022, 19:13:43",2.0,1.0,6.0,15.0,6.0,5.0,1.0,1.0,0.0,8.0,6.0,3.0,24.48
8480848,25,Ty Dellandrea,Dallas Stars,Center,"10/27/2022, 19:13:43",0.0,3.0,2.0,7.0,7.0,12.0,0.0,0.0,38.46,5.0,0.0,3.0,15.08
8480878,25,Nils Lundkvist,Dallas Stars,Defenseman,"10/27/2022, 19:13:43",0.0,3.0,0.0,11.0,7.0,7.0,0.0,1.0,0.0,10.0,0.0,3.0,17.35
8481641,25,Joel Kiviranta,Dallas Stars,Left Wing,"10/27/2022, 19:13:43",2.0,0.0,6.0,11.0,7.0,11.0,0.0,0.0,0.0,6.0,2.0,2.0,12.27
8481712,25,Matej Blumel,Dallas Stars,Right Wing,"10/27/2022, 19:13:43",,,,,,,,,,,,,
8482740,25,Wyatt Johnston,Dallas Stars,Center,"10/27/2022, 19:13:43",3.0,1.0,2.0,9.0,7.0,2.0,1.0,2.0,34.62,5.0,0.0,4.0,14.23
8480113,26,Alex Iafallo,Los Angeles Kings,Left Wing,"10/27/2022, 19:13:43",2.0,3.0,2.0,6.0,4.0,2.0,1.0,1.0,0.0,1.0,2.0,5.0,15.32
8471303,26,Alexander Edler,Los Angeles Kings,Defenseman,"10/27/2022, 19:13:44",0.0,0.0,4.0,4.0,5.0,8.0,0.0,0.0,0.0,8.0,-1.0,0.0,13.27
8471685,26,Anze Kopitar,Los Angeles Kings,Center,"10/27/2022, 19:13:44",1.0,6.0,2.0,14.0,8.0,8.0,0.0,2.0,60.37,13.0,-5.0,7.0,19.41
8474563,26,Drew Doughty,Los Angeles Kings,Defenseman,"10/27/2022, 19:13:44",1.0,3.0,12.0,18.0,8.0,12.0,1.0,3.0,0.0,11.0,-3.0,4.0,27.34
8476479,26,Phillip Danault,Los Angeles Kings,Center,"10/27/2022, 19:13:44",4.0,0.0,2.0,17.0,8.0,9.0,0.0,0.0,51.2,10.0,-1.0,4.0,19.04
8477942,26,Kevin Fiala,Los Angeles Kings,Left Wing,"10/27/2022, 19:13:44",1.0,5.0,6.0,18.0,8.0,4.0,1.0,3.0,0.0,5.0,-5.0,6.0,17.29
8477960,26,Adrian Kempe,Los Angeles Kings,Center,"10/27/2022, 19:13:45",5.0,2.0,10.0,17.0,8.0,12.0,0.0,1.0,0.0,2.0,-2.0,7.0,17.59
8477962,26,Brendan Lemieux,Los Angeles Kings,Left Wing,"10/27/2022, 19:13:45",0.0,2.0,15.0,11.0,7.0,18.0,0.0,0.0,100.0,5.0,-1.0,2.0,9.58
8478042,26,Viktor Arvidsson,Los Angeles Kings,Left Wing,"10/27/2022, 19:13:45",1.0,2.0,4.0,11.0,6.0,1.0,0.0,0.0,55.56,4.0,-1.0,3.0,16.16
8478911,26,Matt Roy,Los Angeles Kings,Defenseman,"10/27/2022, 19:13:45",3.0,1.0,0.0,19.0,8.0,11.0,0.0,0.0,0.0,19.0,-1.0,4.0,18.47
8479336,26,Carl Grundstrom,Los Angeles Kings,Right Wing,"10/27/2022, 19:13:45",1.0,0.0,0.0,13.0,7.0,22.0,1.0,1.0,0.0,2.0,-3.0,1.0,11.27
8479675,26,Trevor Moore,Los Angeles Kings,Center,"10/27/2022, 19:13:45",0.0,5.0,0.0,26.0,8.0,5.0,0.0,0.0,0.0,3.0,0.0,5.0,18.13
8479994,26,Jaret Anderson-Dolan,Los Angeles Kings,Center,"10/27/2022, 19:13:45",0.0,0.0,0.0,0.0,1.0,1.0,0.0,0.0,0.0,2.0,0.0,0.0,7.31
8479998,26,Mikey Anderson,Los Angeles Kings,Defenseman,"10/27/2022, 19:13:46",0.0,3.0,2.0,11.0,8.0,13.0,0.0,0.0,0.0,9.0,-1.0,3.0,21.27
8480014,26,Gabriel Vilardi,Los Angeles Kings,Center,"10/27/2022, 19:13:46",5.0,4.0,2.0,19.0,8.0,4.0,2.0,2.0,31.25,3.0,0.0,9.0,15.35
8480336,26,Sean Walker,Los Angeles Kings,Defenseman,"10/27/2022, 19:13:46",0.0,0.0,4.0,8.0,5.0,8.0,0.0,0.0,0.0,5.0,-1.0,0.0,13.19
8480434,26,Sean Durzi,Los Angeles Kings,Defenseman,"10/27/2022, 19:13:46",1.0,3.0,4.0,13.0,7.0,8.0,0.0,1.0,0.0,10.0,-3.0,4.0,21.3
8481481,26,Blake Lizotte,Los Angeles Kings,Center,"10/27/2022, 19:13:46",1.0,0.0,4.0,10.0,8.0,7.0,0.0,0.0,52.78,4.0,1.0,1.0,11.03
8481560,26,Arthur Kaliyev,Los Angeles Kings,Right Wing,"10/27/2022, 19:13:46",1.0,3.0,2.0,14.0,7.0,2.0,0.0,1.0,0.0,2.0,-2.0,4.0,10.3
8482124,26,Quinton Byfield,Los Angeles Kings,Center,"10/27/2022, 19:13:46",0.0,3.0,4.0,5.0,8.0,4.0,0.0,0.0,48.44,2.0,-1.0,3.0,11.46
8482730,26,Brandt Clarke,Los Angeles Kings,Defenseman,"10/27/2022, 19:13:47",0.0,2.0,6.0,7.0,7.0,2.0,0.0,1.0,0.0,11.0,-1.0,2.0,13.16
8478906,28,Markus Nutivaara,San Jose Sharks,Defenseman,"10/27/2022, 19:13:47",,,,,,,,,,,,,
8471709,28,Marc-Edouard Vlasic,San Jose Sharks,Defenseman,"10/27/2022, 19:13:47",0.0,0.0,0.0,9.0,9.0,3.0,0.0,0.0,0.0,14.0,-5.0,0.0,18.34
8474009,28,Nick Bonino,San Jose Sharks,Center,"10/27/2022, 19:13:47",0.0,0.0,2.0,8.0,7.0,4.0,0.0,0.0,47.83,8.0,-4.0,0.0,16.09
8474053,28,Logan Couture,San Jose Sharks,Center,"10/27/2022, 19:13:47",2.0,2.0,2.0,12.0,9.0,11.0,1.0,1.0,50.89,7.0,-6.0,4.0,17.53
8474578,28,Erik Karlsson,San Jose Sharks,Defenseman,"10/27/2022, 19:13:47",3.0,3.0,0.0,15.0,9.0,3.0,0.0,1.0,0.0,9.0,-1.0,6.0,23.47
8476442,28,Matt Nieto,San Jose Sharks,Left Wing,"10/27/2022, 19:13:47",1.0,2.0,4.0,10.0,9.0,11.0,0.0,0.0,0.0,4.0,-1.0,3.0,13.28
8476449,28,Scott Harrington,San Jose Sharks,Defenseman,"10/27/2022, 19:13:48",0.0,1.0,0.0,2.0,2.0,3.0,0.0,0.0,0.0,2.0,1.0,1.0,15.47
8476881,28,Tomas Hertl,San Jose Sharks,Center,"10/27/2022, 19:13:48",1.0,3.0,4.0,21.0,9.0,10.0,0.0,0.0,49.38,7.0,-7.0,4.0,18.41
8476988,28,Matt Benning,San Jose Sharks,Defenseman,"10/27/2022, 19:13:48",0.0,1.0,10.0,9.0,9.0,10.0,0.0,0.0,0.0,8.0,-6.0,1.0,18.08
8477034,28,Jaycob Megna,San Jose Sharks,Defenseman,"10/27/2022, 19:13:48",0.0,3.0,2.0,4.0,7.0,7.0,0.0,0.0,0.0,7.0,1.0,3.0,16.36
8478067,28,Oskar Lindblom,San Jose Sharks,Left Wing,"10/27/2022, 19:13:48",0.0,3.0,0.0,7.0,8.0,11.0,0.0,1.0,75.0,4.0,-1.0,3.0,11.5
8478099,28,Kevin Labanc,San Jose Sharks,Right Wing,"10/27/2022, 19:13:48",1.0,1.0,0.0,16.0,8.0,5.0,0.0,0.0,0.0,3.0,-4.0,2.0,15.33
8478414,28,Timo Meier,San Jose Sharks,Right Wing,"10/27/2022, 19:13:49",0.0,2.0,0.0,42.0,9.0,21.0,0.0,0.0,20.0,2.0,-6.0,2.0,19.04
8478431,28,Evgeny Svechnikov,San Jose Sharks,Left Wing,"10/27/2022, 19:13:49",2.0,2.0,2.0,10.0,8.0,10.0,0.0,0.0,83.33,3.0,1.0,4.0,11.07
8478904,28,Steven Lorentz,San Jose Sharks,Center,"10/27/2022, 19:13:49",1.0,2.0,0.0,11.0,9.0,13.0,0.0,0.0,45.0,5.0,1.0,3.0,13.28
8479316,28,Luke Kunin,San Jose Sharks,Center,"10/27/2022, 19:13:49",1.0,3.0,10.0,20.0,9.0,19.0,1.0,2.0,0.0,12.0,-6.0,4.0,17.43
8479393,28,Noah Gregor,San Jose Sharks,Center,"10/27/2022, 19:13:49",0.0,0.0,5.0,4.0,4.0,4.0,0.0,0.0,0.0,4.0,-2.0,0.0,10.57
8479981,28,Jonah Gadjovich,San Jose Sharks,Left Wing,"10/27/2022, 19:13:49",0.0,0.0,9.0,4.0,5.0,10.0,0.0,0.0,33.33,0.0,-1.0,0.0,9.55
8479983,28,Mario Ferraro,San Jose Sharks,Defenseman,"10/27/2022, 19:13:49",0.0,3.0,4.0,9.0,9.0,8.0,0.0,1.0,0.0,18.0,-4.0,3.0,22.57
8480160,28,Radim Simek,San Jose Sharks,Defenseman,"10/27/2022, 19:13:50",1.0,0.0,6.0,10.0,9.0,15.0,0.0,0.0,0.0,15.0,-6.0,1.0,15.35
8481477,28,Nico Sturm,San Jose Sharks,Center,"10/27/2022, 19:13:50",4.0,0.0,4.0,16.0,9.0,19.0,0.0,0.0,59.38,6.0,2.0,4.0,13.25
8482222,28,Alexander Barabanov,San Jose Sharks,Left Wing,"10/27/2022, 19:13:50",0.0,1.0,0.0,3.0,5.0,5.0,0.0,0.0,0.0,4.0,-5.0,1.0,17.03
8479941,29,Justin Danforth,Columbus Blue Jackets,Right Wing,"10/27/2022, 19:13:50",2.0,1.0,4.0,10.0,6.0,7.0,0.0,0.0,30.77,1.0,-3.0,3.0,13.23
8480871,29,Adam Boqvist,Columbus Blue Jackets,Defenseman,"10/27/2022, 19:13:50",0.0,0.0,0.0,3.0,4.0,2.0,0.0,0.0,0.0,4.0,-1.0,0.0,15.56
8481161,29,Jake Christiansen,Columbus Blue Jackets,Defenseman,"10/27/2022, 19:13:50",,,,,,,,,,,,,
8474161,29,Jakub Voracek,Columbus Blue Jackets,Right Wing,"10/27/2022, 19:13:50",0.0,5.0,0.0,11.0,8.0,2.0,0.0,0.0,100.0,6.0,-5.0,5.0,15.39
8474679,29,Gustav Nyquist,Columbus Blue Jackets,Left Wing,"10/27/2022, 19:13:51",2.0,2.0,4.0,14.0,8.0,9.0,0.0,0.0,33.33,4.0,1.0,4.0,18.16
8475790,29,Erik Gudbranson,Columbus Blue Jackets,Defenseman,"10/27/2022, 19:13:51",0.0,3.0,6.0,8.0,8.0,14.0,0.0,0.0,0.0,13.0,-7.0,3.0,18.41
8476346,29,Johnny Gaudreau,Columbus Blue Jackets,Left Wing,"10/27/2022, 19:13:51",5.0,3.0,0.0,27.0,8.0,0.0,0.0,0.0,0.0,0.0,2.0,8.0,20.32
8476374,29,Sean Kuraly,Columbus Blue Jackets,Center,"10/27/2022, 19:13:51",1.0,2.0,2.0,10.0,8.0,20.0,0.0,0.0,46.15,7.0,-4.0,3.0,13.19
8476432,29,Boone Jenner,Columbus Blue Jackets,Center,"10/27/2022, 19:13:51",1.0,3.0,6.0,25.0,8.0,12.0,0.0,0.0,59.28,15.0,0.0,4.0,20.33
8478458,29,Jack Roslovic,Columbus Blue Jackets,Center,"10/27/2022, 19:13:51",1.0,4.0,0.0,14.0,8.0,7.0,0.0,0.0,50.98,1.0,1.0,5.0,15.45
8478460,29,Zach Werenski,Columbus Blue Jackets,Defenseman,"10/27/2022, 19:13:52",2.0,2.0,0.0,29.0,8.0,3.0,0.0,0.0,0.0,17.0,-1.0,4.0,24.57
8478882,29,Vladislav Gavrikov,Columbus Blue Jackets,Defenseman,"10/27/2022, 19:13:52",1.0,1.0,4.0,7.0,8.0,11.0,0.0,0.0,0.0,11.0,3.0,2.0,21.44
8479339,29,Patrik Laine,Columbus Blue Jackets,Left Wing,"10/27/2022, 19:13:52",1.0,0.0,2.0,7.0,2.0,4.0,0.0,0.0,0.0,1.0,1.0,1.0,16.1
8479369,29,Andrew Peeke,Columbus Blue Jackets,Defenseman,"10/27/2022, 19:13:52",2.0,1.0,8.0,12.0,8.0,13.0,0.0,0.0,0.0,13.0,4.0,3.0,20.09
8479402,29,Jake Bean,Columbus Blue Jackets,Defenseman,"10/27/2022, 19:13:52",1.0,3.0,4.0,10.0,8.0,8.0,0.0,0.0,0.0,9.0,-2.0,4.0,14.53
8479671,29,Mathieu Olivier,Columbus Blue Jackets,Right Wing,"10/27/2022, 19:13:52",0.0,1.0,7.0,9.0,8.0,20.0,0.0,0.0,0.0,6.0,-2.0,1.0,9.44
8479945,29,Gavin Bayreuther,Columbus Blue Jackets,Defenseman,"10/27/2022, 19:13:52",,,,,,,,,,,,,
8480762,29,Eric Robinson,Columbus Blue Jackets,Left Wing,"10/27/2022, 19:13:53",1.0,1.0,2.0,8.0,8.0,14.0,0.0,0.0,0.0,5.0,-3.0,2.0,12.52
8480853,29,Liam Foudy,Columbus Blue Jackets,Center,"10/27/2022, 19:13:53",0.0,2.0,0.0,1.0,1.0,0.0,0.0,0.0,0.0,0.0,2.0,2.0,13.23
8482475,29,Yegor Chinakhov,Columbus Blue Jackets,Right Wing,"10/27/2022, 19:13:53",1.0,4.0,4.0,10.0,8.0,8.0,0.0,0.0,0.0,5.0,-4.0,5.0,12.52
8482660,29,Kent Johnson,Columbus Blue Jackets,Center,"10/27/2022, 19:13:53",3.0,2.0,2.0,12.0,7.0,1.0,0.0,0.0,0.0,3.0,2.0,5.0,12.37
8482705,29,Cole Sillinger,Columbus Blue Jackets,Center,"10/27/2022, 19:13:53",0.0,1.0,6.0,11.0,8.0,12.0,0.0,0.0,49.37,1.0,-1.0,1.0,12.29
8483460,29,David Jiricek,Columbus Blue Jackets,Defenseman,"10/27/2022, 19:13:53",,,,,,,,,,,,,
8483565,29,Nick Blankenburg,Columbus Blue Jackets,Defenseman,"10/27/2022, 19:13:54",1.0,1.0,2.0,8.0,4.0,10.0,0.0,0.0,0.0,6.0,-2.0,2.0,16.04
8478413,30,Jordan Greenway,Minnesota Wild,Left Wing,"10/27/2022, 19:13:54",0.0,0.0,0.0,0.0,1.0,4.0,0.0,0.0,0.0,0.0,-1.0,0.0,2.58
8477205,30,Andrej Sustr,Minnesota Wild,Defenseman,"10/27/2022, 19:13:54",,,,,,,,,,,,,
8471274,30,Alex Goligoski,Minnesota Wild,Defenseman,"10/27/2022, 19:13:54",0.0,0.0,0.0,6.0,4.0,2.0,0.0,0.0,0.0,3.0,-5.0,0.0,14.21
8474716,30,Jared Spurgeon,Minnesota Wild,Defenseman,"10/27/2022, 19:13:54",1.0,2.0,0.0,10.0,6.0,4.0,0.0,0.0,0.0,13.0,2.0,3.0,21.59
8475220,30,Marcus Foligno,Minnesota Wild,Left Wing,"10/27/2022, 19:13:54",1.0,2.0,11.0,10.0,6.0,15.0,0.0,2.0,0.0,2.0,-5.0,3.0,14.2
8475692,30,Mats Zuccarello,Minnesota Wild,Right Wing,"10/27/2022, 19:13:54",4.0,6.0,2.0,22.0,6.0,4.0,3.0,7.0,42.86,3.0,-8.0,10.0,20.53
8475750,30,Jon Merrill,Minnesota Wild,Defenseman,"10/27/2022, 19:13:55",0.0,0.0,2.0,1.0,2.0,1.0,0.0,0.0,0.0,6.0,-1.0,0.0,15.19
8476463,30,Jonas Brodin,Minnesota Wild,Defenseman,"10/27/2022, 19:13:55",0.0,2.0,8.0,5.0,6.0,5.0,0.0,0.0,0.0,6.0,-5.0,2.0,21.01
8476856,30,Matt Dumba,Minnesota Wild,Defenseman,"10/27/2022, 19:13:55",0.0,2.0,2.0,8.0,6.0,13.0,0.0,0.0,0.0,14.0,-4.0,2.0,20.48
8477451,30,Ryan Hartman,Minnesota Wild,Right Wing,"10/27/2022, 19:13:55",0.0,2.0,8.0,15.0,6.0,6.0,0.0,0.0,43.75,1.0,-1.0,2.0,16.33
8477919,30,Frederick Gaudreau,Minnesota Wild,Center,"10/27/2022, 19:13:55",0.0,1.0,0.0,14.0,6.0,2.0,0.0,0.0,67.39,2.0,1.0,1.0,16.42
8478136,30,Jacob Middleton,Minnesota Wild,Defenseman,"10/27/2022, 19:13:55",1.0,3.0,8.0,12.0,6.0,6.0,0.0,0.0,0.0,13.0,3.0,4.0,19.29
8478493,30,Joel Eriksson Ek,Minnesota Wild,Center,"10/27/2022, 19:13:55",4.0,1.0,8.0,24.0,6.0,11.0,2.0,2.0,45.54,5.0,-4.0,5.0,20.18
8478864,30,Kirill Kaprizov,Minnesota Wild,Left Wing,"10/27/2022, 19:13:55",4.0,4.0,6.0,23.0,6.0,8.0,2.0,5.0,0.0,1.0,-6.0,8.0,22.05
8479351,30,Sam Steel,Minnesota Wild,Center,"10/27/2022, 19:13:55",2.0,0.0,2.0,6.0,6.0,3.0,0.0,0.0,42.22,2.0,1.0,2.0,11.33
8479370,30,Tyson Jost,Minnesota Wild,Center,"10/27/2022, 19:13:56",0.0,1.0,0.0,4.0,6.0,4.0,0.0,0.0,61.11,6.0,-5.0,1.0,14.21
8479520,30,Brandon Duhaime,Minnesota Wild,Right Wing,"10/27/2022, 19:13:56",2.0,1.0,9.0,8.0,6.0,15.0,0.0,0.0,0.0,3.0,1.0,3.0,8.23
8480884,30,Calen Addison,Minnesota Wild,Defenseman,"10/27/2022, 19:13:56",0.0,6.0,2.0,8.0,6.0,2.0,0.0,4.0,0.0,5.0,-7.0,6.0,17.32
8480980,30,Connor Dewar,Minnesota Wild,Center,"10/27/2022, 19:13:56",0.0,1.0,0.0,3.0,5.0,7.0,0.0,0.0,26.67,0.0,-1.0,1.0,8.05
8481557,30,Matt Boldy,Minnesota Wild,Left Wing,"10/27/2022, 19:13:56",3.0,3.0,2.0,22.0,6.0,9.0,1.0,3.0,25.0,1.0,2.0,6.0,19.21
8482079,30,Marco Rossi,Minnesota Wild,Center,"10/27/2022, 19:13:56",0.0,0.0,2.0,2.0,5.0,0.0,0.0,0.0,56.67,1.0,-2.0,0.0,10.28
8477940,52,Nikolaj Ehlers,Winnipeg Jets,Left Wing,"10/27/2022, 19:13:56",0.0,3.0,0.0,7.0,2.0,2.0,0.0,1.0,0.0,1.0,0.0,3.0,19.0
8471218,52,Blake Wheeler,Winnipeg Jets,Right Wing,"10/27/2022, 19:13:57",0.0,4.0,4.0,12.0,6.0,6.0,0.0,0.0,50.0,3.0,2.0,4.0,17.02
8474040,52,Sam Gagner,Winnipeg Jets,Center,"10/27/2022, 19:13:57",3.0,0.0,0.0,8.0,6.0,1.0,1.0,1.0,33.33,0.0,2.0,3.0,11.1
8475455,52,Brenden Dillon,Winnipeg Jets,Defenseman,"10/27/2022, 19:13:57",0.0,1.0,2.0,8.0,6.0,18.0,0.0,0.0,0.0,13.0,0.0,1.0,19.37
8476331,52,Dylan DeMelo,Winnipeg Jets,Defenseman,"10/27/2022, 19:13:57",0.0,0.0,0.0,5.0,6.0,14.0,0.0,0.0,0.0,5.0,1.0,0.0,17.37
8476392,52,Adam Lowry,Winnipeg Jets,Center,"10/27/2022, 19:13:57",0.0,3.0,2.0,11.0,6.0,14.0,0.0,1.0,45.12,3.0,0.0,3.0,14.44
8476460,52,Mark Scheifele,Winnipeg Jets,Center,"10/27/2022, 19:13:57",4.0,0.0,0.0,20.0,6.0,7.0,1.0,1.0,47.87,4.0,-3.0,4.0,20.41
8476952,52,Dominic Toninato,Winnipeg Jets,Center,"10/27/2022, 19:13:57",,,,,,,,,,,,,
8477220,52,Nate Schmidt,Winnipeg Jets,Defenseman,"10/27/2022, 19:13:58",0.0,0.0,0.0,5.0,6.0,4.0,0.0,0.0,0.0,7.0,0.0,0.0,20.56
8477357,52,Saku Maenalanen,Winnipeg Jets,Right Wing,"10/27/2022, 19:13:58",0.0,1.0,0.0,5.0,6.0,22.0,0.0,0.0,0.0,4.0,-1.0,1.0,10.28
8477504,52,Josh Morrissey,Winnipeg Jets,Defenseman,"10/27/2022, 19:13:58",0.0,5.0,13.0,9.0,6.0,5.0,0.0,0.0,0.0,12.0,2.0,5.0,21.25
8478398,52,Kyle Connor,Winnipeg Jets,Left Wing,"10/27/2022, 19:13:58",1.0,2.0,0.0,20.0,6.0,6.0,0.0,0.0,0.0,3.0,-2.0,3.0,20.22
8478476,52,Kyle Capobianco,Winnipeg Jets,Defenseman,"10/27/2022, 19:13:58",,,,,,,,,,,,,
8478891,52,Mason Appleton,Winnipeg Jets,Center,"10/27/2022, 19:13:58",0.0,3.0,4.0,9.0,6.0,13.0,0.0,0.0,0.0,2.0,-2.0,3.0,16.52
8479378,52,Logan Stanley,Winnipeg Jets,Defenseman,"10/27/2022, 19:13:58",0.0,0.0,6.0,3.0,5.0,15.0,0.0,0.0,0.0,6.0,0.0,0.0,14.48
8479400,52,Pierre-Luc Dubois,Winnipeg Jets,Left Wing,"10/27/2022, 19:13:59",2.0,2.0,8.0,17.0,6.0,9.0,0.0,1.0,49.28,3.0,-1.0,4.0,17.36
8479536,52,Axel Jonsson-Fjallby,Winnipeg Jets,Left Wing,"10/27/2022, 19:13:59",0.0,0.0,0.0,6.0,4.0,3.0,0.0,0.0,0.0,1.0,0.0,0.0,7.55
8480049,52,Dylan Samberg,Winnipeg Jets,Defenseman,"10/27/2022, 19:13:59",0.0,0.0,0.0,0.0,1.0,1.0,0.0,0.0,0.0,3.0,0.0,0.0,15.25
8480145,52,Neal Pionk,Winnipeg Jets,Defenseman,"10/27/2022, 19:13:59",3.0,2.0,0.0,19.0,6.0,18.0,0.0,0.0,0.0,7.0,-1.0,5.0,22.15
8480289,52,Morgan Barron,Winnipeg Jets,Center,"10/27/2022, 19:13:59",1.0,0.0,2.0,14.0,6.0,7.0,0.0,0.0,66.67,6.0,1.0,1.0,13.3
8481019,52,David Gustafsson,Winnipeg Jets,Center,"10/27/2022, 19:13:59",0.0,1.0,0.0,2.0,6.0,4.0,0.0,0.0,48.28,2.0,1.0,1.0,9.01
8482149,52,Cole Perfetti,Winnipeg Jets,Center,"10/27/2022, 19:14:00",2.0,3.0,4.0,9.0,6.0,5.0,0.0,1.0,0.0,5.0,2.0,5.0,15.59
8479345,53,Jakob Chychrun,Arizona Coyotes,Defenseman,"10/27/2022, 19:14:00",,,,,,,,,,,,,
8475178,53,Zack Kassian,Arizona Coyotes,Right Wing,"10/27/2022, 19:14:00",1.0,0.0,9.0,5.0,6.0,10.0,0.0,0.0,0.0,1.0,-4.0,1.0,10.49
8475747,53,Patrik Nemeth,Arizona Coyotes,Defenseman,"10/27/2022, 19:14:00",0.0,0.0,2.0,0.0,1.0,1.0,0.0,0.0,0.0,1.0,-2.0,0.0,16.12
8475760,53,Nick Bjugstad,Arizona Coyotes,Center,"10/27/2022, 19:14:00",0.0,2.0,0.0,7.0,6.0,13.0,0.0,0.0,49.43,3.0,0.0,2.0,14.36
8476329,53,Travis Boyd,Arizona Coyotes,Center,"10/27/2022, 19:14:00",1.0,4.0,2.0,7.0,6.0,3.0,0.0,2.0,41.18,6.0,-3.0,5.0,18.34
8476906,53,Shayne Gostisbehere,Arizona Coyotes,Defenseman,"10/27/2022, 19:14:00",4.0,4.0,4.0,23.0,6.0,3.0,2.0,5.0,0.0,11.0,-4.0,8.0,23.15
8477070,53,Liam O'Brien,Arizona Coyotes,Center,"10/27/2022, 19:14:01",0.0,1.0,14.0,1.0,6.0,23.0,0.0,0.0,100.0,2.0,-2.0,1.0,12.14
8477384,53,Josh Brown,Arizona Coyotes,Defenseman,"10/27/2022, 19:14:01",1.0,1.0,4.0,9.0,6.0,17.0,0.0,0.0,0.0,15.0,1.0,2.0,19.13
8477941,53,Nick Ritchie,Arizona Coyotes,Left Wing,"10/27/2022, 19:14:01",3.0,2.0,10.0,10.0,6.0,12.0,3.0,4.0,0.0,1.0,-5.0,5.0,15.19
8477951,53,Nick Schmaltz,Arizona Coyotes,Center,"10/27/2022, 19:14:01",0.0,0.0,0.0,0.0,1.0,0.0,0.0,0.0,0.0,0.0,-1.0,0.0,2.26
8478062,53,Dysin Mayo,Arizona Coyotes,Defenseman,"10/27/2022, 19:14:01",0.0,0.0,2.0,5.0,5.0,10.0,0.0,0.0,0.0,9.0,-5.0,0.0,17.16
8478432,53,Christian Fischer,Arizona Coyotes,Right Wing,"10/27/2022, 19:14:02",1.0,2.0,2.0,9.0,6.0,9.0,0.0,0.0,0.0,4.0,0.0,3.0,14.22
8478474,53,Lawson Crouse,Arizona Coyotes,Left Wing,"10/27/2022, 19:14:02",2.0,2.0,0.0,9.0,6.0,13.0,0.0,0.0,0.0,2.0,-2.0,4.0,16.35
8479343,53,Clayton Keller,Arizona Coyotes,Right Wing,"10/27/2022, 19:14:03",2.0,5.0,0.0,11.0,6.0,0.0,1.0,3.0,33.33,1.0,-4.0,7.0,18.31
8479442,53,Troy Stecher,Arizona Coyotes,Defenseman,"10/27/2022, 19:14:03",0.0,0.0,4.0,8.0,6.0,4.0,0.0,0.0,0.0,11.0,-7.0,0.0,19.43
8479976,53,Juuso Valimaki,Arizona Coyotes,Defenseman,"10/27/2022, 19:14:04",0.0,2.0,0.0,2.0,4.0,3.0,0.0,2.0,0.0,5.0,0.0,2.0,17.1
8479982,53,Conor Timmins,Arizona Coyotes,Defenseman,"10/27/2022, 19:14:04",0.0,0.0,0.0,3.0,2.0,0.0,0.0,0.0,0.0,0.0,-2.0,0.0,8.34
8480849,53,Barrett Hayton,Arizona Coyotes,Center,"10/27/2022, 19:14:04",0.0,0.0,4.0,10.0,6.0,6.0,0.0,0.0,44.44,1.0,-8.0,0.0,15.1
8480855,53,Jack McBain,Arizona Coyotes,Center,"10/27/2022, 19:14:04",1.0,0.0,6.0,3.0,6.0,14.0,0.0,0.0,48.53,1.0,-3.0,1.0,12.33
8481711,53,Matias Maccelli,Arizona Coyotes,Left Wing,"10/27/2022, 19:14:05",0.0,3.0,2.0,2.0,6.0,1.0,0.0,3.0,0.0,1.0,-2.0,3.0,14.2
8482655,53,J.J. Moser,Arizona Coyotes,Defenseman,"10/27/2022, 19:14:05",1.0,3.0,6.0,6.0,6.0,6.0,0.0,3.0,0.0,10.0,-5.0,4.0,23.49
8482699,53,Dylan Guenther,Arizona Coyotes,Right Wing,"10/27/2022, 19:14:05",2.0,1.0,0.0,9.0,5.0,3.0,2.0,2.0,0.0,3.0,-5.0,3.0,13.33
8479974,54,Nolan Patrick,Vegas Golden Knights,Center,"10/27/2022, 19:14:06",,,,,,,,,,,,,
8473548,54,Phil Kessel,Vegas Golden Knights,Center,"10/27/2022, 19:14:06",1.0,2.0,4.0,16.0,8.0,1.0,0.0,1.0,0.0,4.0,0.0,3.0,13.35
8474166,54,Alec Martinez,Vegas Golden Knights,Defenseman,"10/27/2022, 19:14:06",0.0,1.0,4.0,8.0,8.0,0.0,0.0,0.0,0.0,36.0,1.0,1.0,19.29
8474565,54,Alex Pietrangelo,Vegas Golden Knights,Defenseman,"10/27/2022, 19:14:06",0.0,5.0,0.0,18.0,8.0,10.0,0.0,2.0,0.0,16.0,1.0,5.0,23.4
8475188,54,Brayden McNabb,Vegas Golden Knights,Defenseman,"10/27/2022, 19:14:06",0.0,3.0,4.0,9.0,8.0,19.0,0.0,0.0,0.0,22.0,7.0,3.0,19.28
8475191,54,Reilly Smith,Vegas Golden Knights,Right Wing,"10/27/2022, 19:14:07",1.0,4.0,2.0,27.0,8.0,5.0,1.0,2.0,50.0,4.0,5.0,5.0,16.27
8475913,54,Mark Stone,Vegas Golden Knights,Right Wing,"10/27/2022, 19:14:07",2.0,4.0,0.0,15.0,8.0,4.0,0.0,2.0,0.0,4.0,6.0,6.0,19.19
8476448,54,William Karlsson,Vegas Golden Knights,Center,"10/27/2022, 19:14:07",3.0,2.0,2.0,12.0,8.0,4.0,1.0,1.0,54.37,7.0,4.0,5.0,17.22
8476539,54,Jonathan Marchessault,Vegas Golden Knights,Center,"10/27/2022, 19:14:07",5.0,2.0,0.0,25.0,8.0,12.0,2.0,2.0,0.0,1.0,4.0,7.0,16.31
8476905,54,Chandler Stephenson,Vegas Golden Knights,Center,"10/27/2022, 19:14:07",3.0,4.0,2.0,16.0,8.0,9.0,0.0,0.0,62.3,4.0,5.0,7.0,18.29
8477018,54,Ben Hutton,Vegas Golden Knights,Defenseman,"10/27/2022, 19:14:07",0.0,0.0,0.0,1.0,1.0,0.0,0.0,0.0,0.0,0.0,-1.0,0.0,11.02
8477447,54,Shea Theodore,Vegas Golden Knights,Defenseman,"10/27/2022, 19:14:07",2.0,4.0,2.0,17.0,8.0,2.0,0.0,0.0,0.0,11.0,10.0,6.0,20.31
8477478,54,William Carrier,Vegas Golden Knights,Left Wing,"10/27/2022, 19:14:07",1.0,1.0,2.0,18.0,7.0,14.0,0.0,0.0,0.0,3.0,-1.0,2.0,10.18
8478020,54,Michael Amadio,Vegas Golden Knights,Center,"10/27/2022, 19:14:08",1.0,1.0,0.0,9.0,5.0,7.0,0.0,0.0,40.0,6.0,0.0,2.0,11.34
8478403,54,Jack Eichel,Vegas Golden Knights,Center,"10/27/2022, 19:14:08",3.0,4.0,0.0,26.0,8.0,5.0,0.0,2.0,44.95,4.0,6.0,7.0,17.16
8478434,54,Keegan Kolesar,Vegas Golden Knights,Right Wing,"10/27/2022, 19:14:08",1.0,0.0,0.0,6.0,8.0,28.0,0.0,0.0,20.0,4.0,-1.0,1.0,10.37
8478462,54,Nicolas Roy,Vegas Golden Knights,Center,"10/27/2022, 19:14:08",1.0,3.0,0.0,11.0,8.0,13.0,1.0,3.0,49.48,3.0,0.0,4.0,15.04
8479353,54,Brett Howden,Vegas Golden Knights,Center,"10/27/2022, 19:14:08",1.0,1.0,4.0,13.0,8.0,14.0,0.0,0.0,62.5,6.0,1.0,2.0,14.02
8479980,54,Nicolas Hague,Vegas Golden Knights,Defenseman,"10/27/2022, 19:14:08",0.0,1.0,2.0,9.0,7.0,10.0,0.0,0.0,0.0,14.0,2.0,1.0,16.12
8479991,54,Jake Leschyshyn,Vegas Golden Knights,Center,"10/27/2022, 19:14:09",,,,,,,,,,,,,
8480727,54,Zach Whitecloud,Vegas Golden Knights,Defenseman,"10/27/2022, 19:14:09",0.0,2.0,6.0,7.0,8.0,16.0,0.0,0.0,0.0,18.0,-1.0,2.0,16.22
8481032,54,Paul Cotter,Vegas Golden Knights,Center,"10/27/2022, 19:14:09",1.0,0.0,4.0,7.0,4.0,9.0,0.0,0.0,0.0,1.0,1.0,1.0,12.31
8475820,55,Joonas Donskoi,Seattle Kraken,Right Wing,"10/27/2022, 19:14:09",,,,,,,,,,,,,
8474586,55,Jordan Eberle,Seattle Kraken,Right Wing,"10/27/2022, 19:14:10",0.0,4.0,4.0,12.0,8.0,6.0,0.0,3.0,50.0,0.0,-6.0,4.0,15.27
8474602,55,Justin Schultz,Seattle Kraken,Defenseman,"10/27/2022, 19:14:10",1.0,3.0,6.0,14.0,8.0,4.0,0.0,3.0,0.0,10.0,-4.0,4.0,18.29
8475768,55,Jaden Schwartz,Seattle Kraken,Center,"10/27/2022, 19:14:10",3.0,3.0,0.0,25.0,8.0,9.0,3.0,3.0,58.82,2.0,-5.0,6.0,17.44
8476457,55,Adam Larsson,Seattle Kraken,Defenseman,"10/27/2022, 19:14:10",2.0,1.0,4.0,13.0,8.0,17.0,0.0,0.0,0.0,13.0,2.0,3.0,22.4
8476467,55,Jamie Oleksiak,Seattle Kraken,Defenseman,"10/27/2022, 19:14:10",1.0,1.0,11.0,4.0,8.0,25.0,0.0,0.0,0.0,16.0,-2.0,2.0,19.12
8476826,55,Yanni Gourde,Seattle Kraken,Center,"10/27/2022, 19:14:10",0.0,1.0,7.0,12.0,7.0,10.0,0.0,0.0,45.56,3.0,0.0,1.0,16.26
8477369,55,Carson Soucy,Seattle Kraken,Defenseman,"10/27/2022, 19:14:10",0.0,3.0,8.0,10.0,8.0,23.0,0.0,0.0,0.0,6.0,5.0,3.0,16.17
8477416,55,Oliver Bjorkstrand,Seattle Kraken,Right Wing,"10/27/2022, 19:14:11",1.0,3.0,0.0,32.0,8.0,6.0,1.0,1.0,50.0,3.0,0.0,4.0,17.45
8477444,55,Andre Burakovsky,Seattle Kraken,Left Wing,"10/27/2022, 19:14:11",3.0,4.0,4.0,22.0,8.0,4.0,2.0,5.0,0.0,0.0,-5.0,7.0,16.23
8477505,55,Alex Wennberg,Seattle Kraken,Center,"10/27/2022, 19:14:11",1.0,2.0,4.0,11.0,8.0,2.0,0.0,0.0,35.94,6.0,1.0,3.0,19.28
8477955,55,Jared McCann,Seattle Kraken,Left Wing,"10/27/2022, 19:14:11",4.0,3.0,0.0,18.0,8.0,4.0,2.0,4.0,40.0,1.0,-4.0,7.0,14.22
8477987,55,Ryan Donato,Seattle Kraken,Center,"10/27/2022, 19:14:11",1.0,1.0,12.0,12.0,6.0,5.0,0.0,1.0,16.67,1.0,3.0,2.0,11.46
8478407,55,Vince Dunn,Seattle Kraken,Defenseman,"10/27/2022, 19:14:11",1.0,4.0,4.0,11.0,8.0,4.0,0.0,3.0,0.0,5.0,-3.0,5.0,22.14
8478466,55,Daniel Sprong,Seattle Kraken,Right Wing,"10/27/2022, 19:14:11",1.0,2.0,2.0,4.0,2.0,1.0,0.0,1.0,0.0,1.0,3.0,3.0,11.53
8478840,55,Will Borgen,Seattle Kraken,Defenseman,"10/27/2022, 19:14:12",1.0,1.0,11.0,10.0,8.0,11.0,0.0,0.0,0.0,7.0,1.0,2.0,15.53
8479293,55,Brandon Tanev,Seattle Kraken,Left Wing,"10/27/2022, 19:14:12",1.0,3.0,2.0,13.0,8.0,18.0,0.0,0.0,50.0,11.0,4.0,4.0,14.33
8479985,55,Cale Fleury,Seattle Kraken,Defenseman,"10/27/2022, 19:14:12",,,,,,,,,,,,,
8479987,55,Morgan Geekie,Seattle Kraken,Center,"10/27/2022, 19:14:12",1.0,1.0,2.0,5.0,5.0,5.0,0.0,0.0,38.46,4.0,4.0,2.0,10.16
8480901,55,Karson Kuhlman,Seattle Kraken,Center,"10/27/2022, 19:14:12",1.0,1.0,0.0,10.0,7.0,5.0,0.0,0.0,0.0,3.0,3.0,2.0,11.29
8482665,55,Matty Beniers,Seattle Kraken,Center,"10/27/2022, 19:14:12",3.0,3.0,0.0,18.0,8.0,7.0,1.0,2.0,37.5,5.0,-6.0,6.0,18.07
8483524,55,Shane Wright,Seattle Kraken,Center,"10/27/2022, 19:14:13",0.0,1.0,0.0,1.0,5.0,1.0,0.0,0.0,29.41,2.0,2.0,1.0,6.5
